Input_Text,GPT_Match,Required_Confidence_Threshold,Embedding_Matches
Arafat,hill,0.37,"[[""rabbi"", 4.0], [""artifact"", 2.81], [""peace"", 2.47], [""fruit"", 2.43], [""avenue"", 2.35], [""flight"", 2.34], [""secretary"", 2.29], [""tournament"", 2.2], [""activity"", 2.2], [""airport"", 2.15], [""departure"", 2.12], [""association"", 2.1], [""jewel"", 2.07], [""eat"", 2.04], [""Jackson"", 2.03], [""object"", 2.01], [""graveyard"", 1.99], [""queen"", 1.99], [""payment"", 1.99], [""potato"", 1.99], [""collection"", 1.95], [""match"", 1.95], [""cabbage"", 1.94], [""noon"", 1.92], [""effort"", 1.92], [""cash"", 1.92], [""professor"", 1.91], [""rook"", 1.91], [""month"", 1.9], [""place"", 1.87], [""recess"", 1.87], [""brother"", 1.86], [""performance"", 1.86], [""forest"", 1.82], [""string"", 1.82], [""nation"", 1.81], [""moon"", 1.8], [""hike"", 1.79], [""block"", 1.78], [""yen"", 1.77], [""medal"", 1.76], [""phone"", 1.75], [""magician"", 1.75], [""kind"", 1.74], [""issue"", 1.74], [""mother"", 1.72], [""project"", 1.72], [""death"", 1.72], [""article"", 1.71], [""marriage"", 1.71], [""recognition"", 1.7], [""operation"", 1.7], [""plan"", 1.7], [""fauna"", 1.68], [""architecture"", 1.67], [""tennis"", 1.67], [""children"", 1.66], [""animal"", 1.66], [""oracle"", 1.65], [""motto"", 1.65], [""food"", 1.65], [""landscape"", 1.65], [""governor"", 1.64], [""jaguar"", 1.63], [""ear"", 1.62], [""confidence"", 1.61], [""surface"", 1.61], [""cucumber"", 1.61], [""example"", 1.6], [""wizard"", 1.6], [""antecedent"", 1.59], [""entity"", 1.59], [""personnel"", 1.58], [""Yale"", 1.58], [""manslaughter"", 1.57], [""butter"", 1.55], [""tableware"", 1.55], [""carnivore"", 1.55], [""warning"", 1.53], [""sun"", 1.52], [""implement"", 1.51], [""egg"", 1.51], [""center"", 1.51], [""water"", 1.51], [""eye"", 1.5], [""gain"", 1.5], [""lobster"", 1.5], [""approach"", 1.49], [""smile"", 1.49], [""group"", 1.48], [""hotel"", 1.47], [""lad"", 1.47], [""proximity"", 1.47], [""term"", 1.47], [""news"", 1.47], [""isolation"", 1.47], [""hill"", 1.46]]"
Harvard,Yale,1.0,"[[""Yale"", 6.51]]"
Japanese,yen,1.0,"[[""yen"", 4.71]]"
Mars,star,0.74,"[[""moon"", 3.97], [""jaguar"", 3.42], [""Brazil"", 3.28], [""surface"", 3.02], [""fruit"", 3.01], [""car"", 2.95], [""star"", 2.93]]"
Mexico,nation,0.74,"[[""Brazil"", 4.61], [""nation"", 3.41]]"
Wednesday,entity,0.56,"[[""month"", 4.9], [""noon"", 4.64], [""year"", 4.28], [""tournament"", 4.24], [""woman"", 4.21], [""series"", 4.17], [""term"", 4.1], [""girl"", 4.02], [""yen"", 3.98], [""match"", 3.88], [""moon"", 3.61], [""doctor"", 3.6], [""oracle"", 3.57], [""group"", 3.54], [""hotel"", 3.53], [""place"", 3.51], [""slave"", 3.43], [""departure"", 3.43], [""student"", 3.42], [""water"", 3.42], [""mother"", 3.39], [""wizard"", 3.39], [""kind"", 3.38], [""issue"", 3.32], [""news"", 3.31], [""hill"", 3.31], [""center"", 3.3], [""payment"", 3.28], [""article"", 3.26], [""tiger"", 3.2], [""lad"", 3.17], [""development"", 3.15], [""queen"", 3.15], [""fruit"", 3.11], [""thunderstorm"", 3.1], [""death"", 3.1], [""activity"", 3.09], [""phone"", 3.09], [""life"", 3.06], [""radio"", 3.02], [""flight"", 3.01], [""chemistry"", 3.0], [""CD"", 2.97], [""eye"", 2.95], [""eat"", 2.94], [""string"", 2.94], [""dollar"", 2.88], [""wine"", 2.84], [""serial"", 2.81], [""currency"", 2.8], [""ear"", 2.8], [""example"", 2.8], [""forest"", 2.79], [""warning"", 2.78], [""live"", 2.78], [""history"", 2.77], [""object"", 2.76], [""lobster"", 2.75], [""secretary"", 2.75], [""animal"", 2.75], [""confidence"", 2.73], [""entity"", 2.73]]"
aluminum,metal,1.0,"[[""metal"", 5.0]]"
announcement,news,0.82,"[[""warning"", 5.56], [""departure"", 4.66], [""news"", 4.55]]"
architecture,infrastructure,0.41,"[[""architecture"", 10.0], [""landscape"", 5.51], [""artifact"", 5.03], [""plan"", 4.89], [""development"", 4.64], [""institution"", 4.52], [""forest"", 4.34], [""history"", 4.3], [""project"", 4.18], [""music"", 4.13], [""activity"", 4.09], [""chemistry"", 4.08], [""culture"", 4.07], [""object"", 4.07], [""infrastructure"", 4.07]]"
asylum,madhouse,0.87,"[[""isolation"", 4.88], [""madhouse"", 4.26]]"
atmosphere,culture,0.39,"[[""atmosphere"", 10.0], [""culture"", 3.85]]"
attempt,effort,1.0,"[[""effort"", 5.6]]"
benchmark,example,0.74,"[[""index"", 4.86], [""artifact"", 4.63], [""confidence"", 4.39], [""center"", 4.3], [""performance"", 4.26], [""oracle"", 4.26], [""match"", 4.2], [""buck"", 4.17], [""serial"", 4.03], [""block"", 4.03], [""group"", 4.0], [""chemistry"", 3.97], [""currency"", 3.95], [""combination"", 3.87], [""tournament"", 3.86], [""object"", 3.83], [""series"", 3.79], [""cock"", 3.78], [""implement"", 3.74], [""warning"", 3.73], [""development"", 3.72], [""institution"", 3.69], [""industry"", 3.67], [""gain"", 3.66], [""issue"", 3.63], [""example"", 3.59]]"
bird,crane,0.59,"[[""animal"", 6.16], [""cat"", 4.8], [""flight"", 4.61], [""rooster"", 4.57], [""tiger"", 4.46], [""forest"", 4.42], [""egg"", 4.37], [""moon"", 4.36], [""fauna"", 4.31], [""mammal"", 4.25], [""woman"", 4.19], [""eye"", 4.06], [""girl"", 4.04], [""buck"", 4.04], [""jaguar"", 4.03], [""car"", 3.95], [""star"", 3.94], [""airport"", 3.94], [""cock"", 3.85], [""artifact"", 3.76], [""object"", 3.7], [""fruit"", 3.68], [""feline"", 3.67], [""crane"", 3.65]]"
bishop,rook,0.63,"[[""doctor"", 4.56], [""queen"", 4.49], [""rabbi"", 4.27], [""secretary"", 3.98], [""governor"", 3.97], [""mother"", 3.87], [""cock"", 3.84], [""architecture"", 3.74], [""professor"", 3.62], [""oracle"", 3.61], [""airport"", 3.53], [""eye"", 3.5], [""brother"", 3.47], [""wizard"", 3.46], [""egg"", 3.37], [""warning"", 3.34], [""lad"", 3.28], [""woman"", 3.23], [""children"", 3.23], [""star"", 3.22], [""confidence"", 3.21], [""buck"", 3.2], [""kind"", 3.16], [""year"", 3.16], [""noon"", 3.15], [""block"", 3.15], [""Jackson"", 3.15], [""institution"", 3.13], [""hill"", 3.11], [""association"", 3.11], [""center"", 3.08], [""CD"", 3.05], [""wine"", 2.99], [""nurse"", 2.99], [""month"", 2.95], [""flight"", 2.95], [""gin"", 2.94], [""tournament"", 2.92], [""peace"", 2.89], [""slave"", 2.89], [""departure"", 2.88], [""rook"", 2.88]]"
board,match,0.83,"[[""car"", 5.63], [""cock"", 5.33], [""match"", 4.66]]"
boy,lad,0.7,"[[""girl"", 6.95], [""woman"", 5.73], [""children"", 5.71], [""kind"", 5.3], [""slave"", 5.25], [""cock"", 5.16], [""lad"", 4.83]]"
bread,cash,0.62,"[[""food"", 5.52], [""butter"", 5.18], [""egg"", 4.43], [""fruit"", 4.41], [""wine"", 4.24], [""eat"", 4.18], [""music"", 3.75], [""potato"", 3.75], [""lobster"", 3.51], [""news"", 3.48], [""article"", 3.48], [""tableware"", 3.46], [""cabbage"", 3.45], [""kind"", 3.43], [""cash"", 3.41]]"
calculation,computation,1.0,"[[""computation"", 6.62]]"
car,automobile,0.56,"[[""car"", 10.0], [""automobile"", 5.56]]"
cell,phone,0.92,"[[""entity"", 5.05], [""life"", 4.97], [""car"", 4.88], [""collection"", 4.85], [""center"", 4.83], [""group"", 4.76], [""phone"", 4.67]]"
cemetery,graveyard,1.0,"[[""graveyard"", 7.5]]"
century,year,0.43,"[[""century"", 10.0], [""year"", 4.28]]"
championship,tournament,1.0,"[[""tournament"", 4.81]]"
chance,match,0.83,"[[""confidence"", 4.47], [""gain"", 4.21], [""combination"", 4.04], [""chemistry"", 3.99], [""flight"", 3.89], [""cash"", 3.89], [""tournament"", 3.88], [""loss"", 3.86], [""kind"", 3.82], [""issue"", 3.75], [""effort"", 3.72], [""credibility"", 3.71], [""match"", 3.69]]"
chord,music,1.0,"[[""music"", 4.32]]"
coast,shore,1.0,"[[""shore"", 4.92]]"
computer,computation,0.88,"[[""phone"", 4.92], [""equipment"", 4.75], [""information"", 4.5], [""computation"", 4.36]]"
consumer,payment,0.71,"[[""woman"", 5.42], [""cock"", 5.18], [""student"", 5.06], [""cash"", 4.86], [""car"", 4.81], [""object"", 4.8], [""industry"", 4.8], [""gain"", 4.79], [""activity"", 4.79], [""culture"", 4.77], [""equipment"", 4.77], [""collection"", 4.74], [""chemistry"", 4.65], [""production"", 4.6], [""fruit"", 4.54], [""animal"", 4.54], [""issue"", 4.47], [""entity"", 4.47], [""yen"", 4.44], [""slave"", 4.4], [""currency"", 4.39], [""oracle"", 4.38], [""center"", 4.38], [""nation"", 4.29], [""loss"", 4.29], [""personnel"", 4.29], [""American"", 4.19], [""group"", 4.19], [""gin"", 4.16], [""eat"", 4.11], [""article"", 4.1], [""combination"", 4.06], [""performance"", 4.06], [""carnivore"", 4.05], [""doctor"", 4.03], [""confidence"", 4.03], [""news"", 4.02], [""phone"", 3.98], [""kind"", 3.96], [""development"", 3.95], [""cat"", 3.92], [""buck"", 3.87], [""girl"", 3.86], [""artifact"", 3.86], [""payment"", 3.84]]"
crane,fauna,0.26,"[[""crane"", 10.0], [""car"", 4.03], [""cock"", 3.91], [""rooster"", 3.58], [""oracle"", 3.55], [""sprint"", 3.41], [""equipment"", 3.41], [""buck"", 3.4], [""doctor"", 3.29], [""nurse"", 3.22], [""mammal"", 3.21], [""cat"", 3.21], [""artifact"", 3.19], [""tiger"", 3.19], [""animal"", 3.18], [""phone"", 3.17], [""lobster"", 3.09], [""wizard"", 3.07], [""slave"", 3.05], [""collection"", 3.03], [""gin"", 3.03], [""project"", 3.03], [""gain"", 3.02], [""lad"", 3.01], [""carnivore"", 3.0], [""architecture"", 2.97], [""graveyard"", 2.97], [""combination"", 2.96], [""jaguar"", 2.94], [""flight"", 2.92], [""woman"", 2.91], [""year"", 2.89], [""personnel"", 2.88], [""plan"", 2.87], [""center"", 2.85], [""cucumber"", 2.84], [""effort"", 2.83], [""feline"", 2.81], [""match"", 2.8], [""eye"", 2.78], [""cognition"", 2.78], [""egg"", 2.77], [""object"", 2.77], [""ear"", 2.77], [""automobile"", 2.76], [""eat"", 2.76], [""hill"", 2.75], [""implement"", 2.74], [""brother"", 2.74], [""operation"", 2.72], [""approach"", 2.71], [""development"", 2.69], [""serial"", 2.68], [""warning"", 2.68], [""infrastructure"", 2.68], [""place"", 2.67], [""index"", 2.67], [""dollar"", 2.67], [""medal"", 2.67], [""recess"", 2.65], [""fauna"", 2.65]]"
cucumber,fruit,0.4,"[[""cucumber"", 10.0], [""cabbage"", 5.93], [""potato"", 4.09], [""fruit"", 3.99]]"
cup,tableware,0.52,"[[""cock"", 6.59], [""car"", 5.71], [""cash"", 4.98], [""center"", 4.97], [""fruit"", 4.87], [""place"", 4.75], [""buck"", 4.6], [""lad"", 4.54], [""butter"", 4.45], [""phone"", 4.38], [""month"", 4.36], [""gin"", 4.36], [""egg"", 4.28], [""match"", 4.24], [""combination"", 4.17], [""cabbage"", 4.13], [""tournament"", 4.12], [""collection"", 4.09], [""currency"", 4.09], [""eye"", 4.07], [""CD"", 4.04], [""dollar"", 4.04], [""doctor"", 4.03], [""cat"", 4.03], [""ear"", 4.02], [""eat"", 3.96], [""rooster"", 3.95], [""moon"", 3.94], [""term"", 3.94], [""hotel"", 3.93], [""confidence"", 3.92], [""noon"", 3.88], [""yen"", 3.88], [""article"", 3.87], [""group"", 3.86], [""surface"", 3.86], [""flight"", 3.84], [""oracle"", 3.81], [""cucumber"", 3.8], [""chemistry"", 3.79], [""jewel"", 3.77], [""gain"", 3.77], [""payment"", 3.76], [""kind"", 3.73], [""potato"", 3.71], [""lobster"", 3.7], [""object"", 3.69], [""life"", 3.68], [""basketball"", 3.68], [""recess"", 3.68], [""food"", 3.65], [""water"", 3.65], [""hill"", 3.56], [""girl"", 3.55], [""stove"", 3.55], [""issue"", 3.54], [""queen"", 3.53], [""slave"", 3.51], [""institution"", 3.51], [""mother"", 3.48], [""children"", 3.47], [""tiger"", 3.47], [""culture"", 3.47], [""equipment"", 3.46], [""activity"", 3.46], [""year"", 3.44], [""wizard"", 3.43], [""tableware"", 3.42]]"
delay,project,0.62,"[[""block"", 5.38], [""departure"", 4.9], [""lad"", 4.48], [""warning"", 4.18], [""noon"", 3.89], [""payment"", 3.87], [""term"", 3.85], [""loss"", 3.83], [""doctor"", 3.82], [""plan"", 3.76], [""gain"", 3.74], [""implement"", 3.74], [""flight"", 3.63], [""confidence"", 3.59], [""hill"", 3.57], [""recess"", 3.55], [""match"", 3.55], [""death"", 3.48], [""place"", 3.46], [""development"", 3.45], [""CD"", 3.45], [""airport"", 3.43], [""center"", 3.4], [""phone"", 3.35], [""sprint"", 3.33], [""project"", 3.32]]"
deployment,operation,1.0,"[[""operation"", 6.02]]"
development,project,0.55,"[[""development"", 10.0], [""production"", 6.1], [""project"", 5.47]]"
direction,avenue,0.76,"[[""center"", 4.68], [""place"", 4.52], [""warning"", 4.15], [""plan"", 4.15], [""chemistry"", 4.14], [""development"", 4.1], [""yen"", 4.09], [""approach"", 4.03], [""doctor"", 4.02], [""issue"", 3.99], [""activity"", 3.97], [""term"", 3.95], [""recommendation"", 3.92], [""energy"", 3.9], [""object"", 3.89], [""eye"", 3.88], [""departure"", 3.79], [""phone"", 3.78], [""operation"", 3.77], [""gin"", 3.74], [""dollar"", 3.73], [""proximity"", 3.68], [""landscape"", 3.68], [""noon"", 3.62], [""CD"", 3.58], [""avenue"", 3.57]]"
dividend,cash,0.82,"[[""dollar"", 4.17], [""payment"", 4.0], [""gain"", 3.58], [""collection"", 3.57], [""currency"", 3.56], [""jewel"", 3.53], [""departure"", 3.46], [""fruit"", 3.44], [""tournament"", 3.43], [""cash"", 3.4]]"
doctor,nurse,0.49,"[[""doctor"", 10.0], [""nurse"", 4.92]]"
dollar,buck,0.42,"[[""dollar"", 10.0], [""currency"", 5.24], [""cash"", 4.4], [""yen"", 4.29], [""buck"", 4.24]]"
drink,Wine,1.0,"[[""wine"", 5.61], [""eat"", 5.02], [""water"", 4.74], [""food"", 4.47], [""lad"", 4.38]]"
energy,sun,0.26,"[[""energy"", 10.0], [""water"", 4.98], [""entity"", 4.79], [""equipment"", 4.77], [""activity"", 4.64], [""effort"", 4.53], [""chemistry"", 4.52], [""metal"", 4.35], [""currency"", 4.28], [""information"", 4.25], [""science"", 4.22], [""life"", 4.15], [""animal"", 4.15], [""music"", 4.12], [""production"", 4.11], [""yen"", 4.06], [""gain"", 4.06], [""fruit"", 3.98], [""woman"", 3.9], [""object"", 3.82], [""peace"", 3.81], [""atmosphere"", 3.8], [""issue"", 3.77], [""article"", 3.74], [""eat"", 3.74], [""development"", 3.7], [""nation"", 3.69], [""confidence"", 3.67], [""personnel"", 3.65], [""death"", 3.65], [""forest"", 3.64], [""substance"", 3.64], [""performance"", 3.62], [""ear"", 3.57], [""food"", 3.55], [""importance"", 3.54], [""industry"", 3.53], [""gin"", 3.5], [""artifact"", 3.49], [""flight"", 3.48], [""phone"", 3.44], [""center"", 3.41], [""eye"", 3.41], [""news"", 3.33], [""kind"", 3.33], [""association"", 3.28], [""operation"", 3.27], [""culture"", 3.27], [""payment"", 3.24], [""organism"", 3.24], [""sex"", 3.24], [""dollar"", 3.14], [""year"", 3.14], [""insurance"", 3.14], [""infrastructure"", 3.13], [""cash"", 3.13], [""term"", 3.13], [""proximity"", 3.12], [""string"", 3.09], [""radio"", 3.08], [""children"", 3.07], [""credibility"", 3.01], [""car"", 3.01], [""combination"", 2.98], [""oracle"", 2.95], [""wizard"", 2.95], [""hotel"", 2.94], [""wine"", 2.93], [""institution"", 2.93], [""star"", 2.92], [""kilometer"", 2.9], [""butter"", 2.89], [""egg"", 2.89], [""jewel"", 2.87], [""computation"", 2.85], [""architecture"", 2.85], [""noon"", 2.84], [""group"", 2.83], [""warning"", 2.78], [""example"", 2.78], [""history"", 2.74], [""tournament"", 2.74], [""place"", 2.74], [""smile"", 2.72], [""recommendation"", 2.7], [""series"", 2.7], [""jazz"", 2.66], [""girl"", 2.63], [""project"", 2.63], [""medal"", 2.6], [""mother"", 2.59], [""similarity"", 2.58], [""sun"", 2.57]]"
experience,life,0.79,"[[""performance"", 5.82], [""activity"", 5.5], [""development"", 5.28], [""issue"", 5.19], [""entity"", 4.97], [""artifact"", 4.95], [""history"", 4.89], [""production"", 4.81], [""culture"", 4.77], [""operation"", 4.7], [""example"", 4.65], [""equipment"", 4.62], [""life"", 4.61]]"
five,dollar,0.76,"[[""series"", 4.42], [""tournament"", 3.94], [""example"", 3.9], [""phone"", 3.84], [""combination"", 3.83], [""cock"", 3.78], [""kind"", 3.76], [""serial"", 3.7], [""month"", 3.69], [""fruit"", 3.69], [""yen"", 3.66], [""car"", 3.64], [""life"", 3.61], [""eat"", 3.6], [""match"", 3.58], [""year"", 3.56], [""children"", 3.56], [""flight"", 3.56], [""doctor"", 3.5], [""confidence"", 3.47], [""feline"", 3.39], [""collection"", 3.38], [""dollar"", 3.35]]"
focus,center,1.0,"[[""center"", 5.59]]"
food,fruit,0.53,"[[""food"", 10.0], [""eat"", 5.68], [""fruit"", 5.3]]"
football,soccer,1.0,"[[""soccer"", 5.94]]"
forest,woodland,0.6,"[[""forest"", 10.0], [""woodland"", 6.0]]"
fuck,stupid,0.68,"[[""girl"", 4.99], [""sex"", 4.87], [""slave"", 4.82], [""cock"", 4.74], [""eat"", 4.18], [""death"", 4.11], [""match"", 3.91], [""lad"", 3.9], [""gin"", 3.81], [""life"", 3.8], [""doctor"", 3.79], [""car"", 3.77], [""woman"", 3.74], [""cash"", 3.73], [""loss"", 3.67], [""issue"", 3.65], [""mother"", 3.63], [""gain"", 3.63], [""cat"", 3.61], [""kind"", 3.61], [""food"", 3.58], [""phone"", 3.56], [""place"", 3.55], [""animal"", 3.5], [""example"", 3.49], [""buck"", 3.47], [""flight"", 3.45], [""yen"", 3.44], [""culture"", 3.39], [""fruit"", 3.38], [""stupid"", 3.38]]"
furnace,stove,1.0,"[[""stove"", 6.5]]"
gem,jewel,1.0,"[[""jewel"", 5.57]]"
glass,tableware,0.82,"[[""wine"", 4.93], [""metal"", 4.66], [""gin"", 4.57], [""tableware"", 4.05]]"
governor,professor,0.41,"[[""governor"", 10.0], [""secretary"", 5.1], [""professor"", 4.06]]"
holy,oracle,0.85,"[[""kind"", 4.24], [""jewel"", 3.93], [""peace"", 3.81], [""oracle"", 3.58]]"
hospital,nurse,0.6,"[[""hotel"", 6.56], [""doctor"", 5.35], [""airport"", 5.29], [""institution"", 4.92], [""place"", 4.59], [""center"", 4.49], [""hill"", 4.26], [""nurse"", 3.94]]"
image,object,0.89,"[[""entity"", 4.76], [""information"", 4.6], [""artifact"", 4.47], [""eye"", 4.37], [""landscape"", 4.3], [""object"", 4.24]]"
investigation,science,0.68,"[[""interview"", 5.04], [""issue"", 4.55], [""operation"", 4.29], [""recommendation"", 4.05], [""activity"", 3.87], [""information"", 3.71], [""development"", 3.67], [""isolation"", 3.6], [""project"", 3.5], [""collection"", 3.49], [""chemistry"", 3.48], [""insurance"", 3.48], [""conclusion"", 3.47], [""effort"", 3.45], [""personnel"", 3.43], [""science"", 3.43]]"
jaguar,feline,0.43,"[[""jaguar"", 10.0], [""tiger"", 5.73], [""cat"", 4.71], [""automobile"", 4.56], [""animal"", 4.4], [""jewel"", 4.36], [""feline"", 4.29]]"
journal,article,1.0,"[[""article"", 5.41]]"
journey,voyage,1.0,"[[""voyage"", 6.53]]"
king,tiger,0.66,"[[""queen"", 5.91], [""kind"", 5.41], [""cock"", 4.66], [""wizard"", 4.52], [""children"", 4.41], [""group"", 4.24], [""star"", 4.16], [""gin"", 4.15], [""woman"", 4.14], [""lad"", 4.1], [""governor"", 4.1], [""Jackson"", 4.08], [""oracle"", 4.04], [""yen"", 3.93], [""nation"", 3.92], [""slave"", 3.91], [""doctor"", 3.9], [""confidence"", 3.9], [""tiger"", 3.89]]"
lad,rooster,0.33,"[[""lad"", 10.0], [""car"", 5.02], [""slave"", 5.01], [""flight"", 4.99], [""loss"", 4.87], [""kind"", 4.68], [""hill"", 4.67], [""hotel"", 4.66], [""cock"", 4.62], [""life"", 4.55], [""place"", 4.55], [""girl"", 4.51], [""live"", 4.48], [""gain"", 4.29], [""yen"", 4.18], [""gin"", 4.15], [""lobster"", 4.1], [""CD"", 4.08], [""doctor"", 4.07], [""landscape"", 4.04], [""match"", 4.04], [""noon"", 4.03], [""term"", 3.96], [""departure"", 3.95], [""children"", 3.94], [""cat"", 3.93], [""mother"", 3.93], [""student"", 3.9], [""oracle"", 3.89], [""confidence"", 3.85], [""airport"", 3.79], [""egg"", 3.75], [""eat"", 3.74], [""woman"", 3.71], [""moon"", 3.71], [""ear"", 3.68], [""equipment"", 3.68], [""phone"", 3.65], [""cash"", 3.62], [""queen"", 3.61], [""death"", 3.59], [""culture"", 3.55], [""month"", 3.48], [""smile"", 3.47], [""wizard"", 3.47], [""eye"", 3.41], [""animal"", 3.41], [""recess"", 3.38], [""brother"", 3.34], [""activity"", 3.33], [""rooster"", 3.32]]"
life,organism,0.37,"[[""life"", 10.0], [""live"", 6.94], [""death"", 5.72], [""activity"", 5.11], [""place"", 4.78], [""culture"", 4.77], [""fruit"", 4.73], [""hotel"", 4.69], [""entity"", 4.59], [""flight"", 4.57], [""lad"", 4.55], [""music"", 4.55], [""girl"", 4.51], [""car"", 4.49], [""woman"", 4.36], [""year"", 4.32], [""news"", 4.27], [""animal"", 4.24], [""issue"", 4.23], [""sex"", 4.21], [""development"", 4.2], [""energy"", 4.15], [""landscape"", 4.14], [""chemistry"", 4.1], [""mother"", 4.07], [""eat"", 4.01], [""phone"", 4.0], [""insurance"", 3.99], [""yen"", 3.99], [""kind"", 3.96], [""production"", 3.91], [""doctor"", 3.86], [""currency"", 3.85], [""industry"", 3.84], [""food"", 3.84], [""term"", 3.83], [""institution"", 3.74], [""article"", 3.72], [""object"", 3.72], [""nation"", 3.7], [""month"", 3.7], [""hill"", 3.7], [""example"", 3.69], [""gain"", 3.69], [""organism"", 3.66]]"
line,phone,0.69,"[[""series"", 5.7], [""match"", 5.57], [""term"", 5.3], [""center"", 5.24], [""chemistry"", 5.15], [""example"", 4.99], [""string"", 4.98], [""place"", 4.79], [""plan"", 4.74], [""serial"", 4.7], [""issue"", 4.58], [""landscape"", 4.56], [""yen"", 4.51], [""group"", 4.33], [""index"", 4.32], [""article"", 4.31], [""activity"", 4.26], [""entity"", 4.24], [""lad"", 4.24], [""oracle"", 4.2], [""life"", 4.2], [""sprint"", 4.14], [""live"", 4.13], [""year"", 4.08], [""car"", 4.04], [""block"", 4.04], [""hill"", 4.0], [""object"", 3.98], [""eye"", 3.97], [""surface"", 3.94], [""collection"", 3.94], [""phone"", 3.93]]"
liquid,water,1.0,"[[""water"", 5.72]]"
listing,series,0.97,"[[""activity"", 5.19], [""series"", 5.03]]"
lobster,animal,0.39,"[[""lobster"", 10.0], [""lad"", 4.1], [""butter"", 4.06], [""oracle"", 4.03], [""cock"", 4.01], [""tiger"", 4.0], [""egg"", 3.97], [""rooster"", 3.96], [""jewel"", 3.95], [""eat"", 3.92], [""slave"", 3.91], [""animal"", 3.88]]"
magician,wizard,0.57,"[[""magician"", 10.0], [""wizard"", 5.67]]"
man,lad,0.59,"[[""woman"", 7.08], [""girl"", 5.47], [""animal"", 5.34], [""slave"", 5.04], [""object"", 5.0], [""kind"", 4.99], [""children"", 4.75], [""cock"", 4.58], [""doctor"", 4.58], [""personnel"", 4.37], [""gin"", 4.36], [""brother"", 4.34], [""entity"", 4.3], [""mother"", 4.24], [""nation"", 4.22], [""car"", 4.22], [""sex"", 4.17], [""lad"", 4.16]]"
marathon,sprint,0.92,"[[""kilometer"", 4.29], [""medal"", 4.1], [""sprint"", 3.97]]"
media,radio,0.91,"[[""information"", 4.85], [""music"", 4.43], [""radio"", 4.42]]"
midday,noon,1.0,"[[""noon"", 5.89]]"
mile,kilometer,0.93,"[[""month"", 5.49], [""kilometer"", 5.1]]"
ministry,institution,0.86,"[[""secretary"", 4.65], [""institution"", 3.98]]"
minority,group,0.87,"[[""racism"", 4.06], [""woman"", 3.98], [""issue"", 3.88], [""nation"", 3.81], [""student"", 3.67], [""group"", 3.54]]"
money,cash,1.0,"[[""cash"", 6.24]]"
monk,rabbi,1.0,"[[""rabbi"", 4.43]]"
month,year,0.65,"[[""month"", 10.0], [""year"", 6.47]]"
morality,culture,1.0,"[[""culture"", 4.24]]"
murder,manslaughter,1.0,"[[""manslaughter"", 7.76]]"
museum,institution,0.87,"[[""theater"", 4.42], [""institution"", 3.86]]"
music,jazz,0.5,"[[""music"", 10.0], [""jazz"", 4.97]]"
noon,moon,0.5,"[[""noon"", 10.0], [""moon"", 5.0]]"
observation,information,0.68,"[[""object"", 5.3], [""operation"", 5.1], [""collection"", 4.9], [""activity"", 4.88], [""warning"", 4.67], [""artifact"", 4.59], [""oracle"", 4.4], [""performance"", 4.28], [""departure"", 4.14], [""noon"", 4.07], [""issue"", 4.01], [""doctor"", 4.01], [""interview"", 4.01], [""eye"", 4.0], [""animal"", 3.99], [""example"", 3.97], [""landscape"", 3.87], [""entity"", 3.83], [""group"", 3.82], [""place"", 3.81], [""index"", 3.79], [""culture"", 3.78], [""cock"", 3.76], [""equipment"", 3.76], [""match"", 3.71], [""student"", 3.7], [""serial"", 3.68], [""institution"", 3.68], [""tournament"", 3.67], [""live"", 3.66], [""recognition"", 3.66], [""history"", 3.65], [""article"", 3.64], [""development"", 3.62], [""block"", 3.62], [""information"", 3.6]]"
opera,theater,1.0,"[[""theater"", 5.41]]"
peace,atmosphere,0.27,"[[""peace"", 10.0], [""confidence"", 4.59], [""kind"", 4.25], [""nation"", 4.21], [""news"", 4.04], [""energy"", 3.81], [""moon"", 3.74], [""queen"", 3.72], [""yen"", 3.7], [""smile"", 3.67], [""noon"", 3.66], [""woman"", 3.58], [""water"", 3.56], [""forest"", 3.49], [""issue"", 3.44], [""children"", 3.43], [""marriage"", 3.4], [""death"", 3.4], [""phone"", 3.36], [""life"", 3.34], [""place"", 3.34], [""music"", 3.31], [""sex"", 3.29], [""science"", 3.29], [""secretary"", 3.28], [""operation"", 3.27], [""payment"", 3.22], [""match"", 3.21], [""culture"", 3.2], [""isolation"", 3.13], [""currency"", 3.11], [""departure"", 3.07], [""gain"", 3.07], [""activity"", 3.06], [""doctor"", 3.04], [""flight"", 3.02], [""shore"", 3.01], [""jazz"", 3.0], [""association"", 3.0], [""tournament"", 3.0], [""cash"", 2.97], [""discipline"", 2.96], [""hotel"", 2.96], [""slave"", 2.95], [""warning"", 2.95], [""live"", 2.94], [""chemistry"", 2.94], [""proximity"", 2.94], [""star"", 2.93], [""ear"", 2.91], [""sun"", 2.91], [""development"", 2.91], [""brother"", 2.9], [""lad"", 2.9], [""wine"", 2.89], [""oracle"", 2.89], [""recess"", 2.88], [""cock"", 2.88], [""radio"", 2.88], [""girl"", 2.86], [""mother"", 2.86], [""center"", 2.85], [""American"", 2.85], [""article"", 2.84], [""food"", 2.83], [""animal"", 2.82], [""block"", 2.81], [""medal"", 2.8], [""hill"", 2.79], [""eat"", 2.76], [""information"", 2.75], [""jewel"", 2.75], [""personnel"", 2.75], [""performance"", 2.74], [""landscape"", 2.74], [""rook"", 2.74], [""insurance"", 2.73], [""butter"", 2.72], [""effort"", 2.72], [""trading"", 2.72], [""term"", 2.7], [""group"", 2.68], [""rabbi"", 2.68], [""atmosphere"", 2.67]]"
phone,radio,0.46,"[[""phone"", 10.0], [""car"", 5.06], [""doctor"", 4.88], [""fruit"", 4.75], [""ear"", 4.75], [""radio"", 4.56]]"
physics,science,1.0,"[[""science"", 5.85]]"
plane,flight,1.0,"[[""flight"", 5.69]]"
planet,star,0.94,"[[""forest"", 4.95], [""project"", 4.87], [""place"", 4.84], [""moon"", 4.77], [""animal"", 4.68], [""star"", 4.67]]"
population,fauna,0.58,"[[""production"", 5.72], [""nation"", 5.24], [""group"", 5.18], [""culture"", 5.15], [""entity"", 5.03], [""activity"", 4.73], [""object"", 4.71], [""personnel"", 4.65], [""institution"", 4.51], [""issue"", 4.51], [""organism"", 4.45], [""development"", 4.42], [""collection"", 4.4], [""woman"", 4.36], [""industry"", 4.28], [""performance"", 4.17], [""chemistry"", 4.15], [""currency"", 4.02], [""children"", 3.97], [""fruit"", 3.91], [""life"", 3.9], [""place"", 3.87], [""information"", 3.86], [""student"", 3.85], [""operation"", 3.85], [""animal"", 3.79], [""landscape"", 3.78], [""gain"", 3.75], [""kind"", 3.7], [""energy"", 3.69], [""gin"", 3.68], [""article"", 3.68], [""proximity"", 3.66], [""combination"", 3.65], [""history"", 3.63], [""phone"", 3.59], [""project"", 3.58], [""sex"", 3.58], [""term"", 3.57], [""plan"", 3.55], [""news"", 3.54], [""association"", 3.53], [""forest"", 3.52], [""cock"", 3.49], [""confidence"", 3.46], [""importance"", 3.45], [""noon"", 3.43], [""death"", 3.37], [""yen"", 3.36], [""atmosphere"", 3.36], [""peace"", 3.33], [""fauna"", 3.33]]"
possibility,match,0.78,"[[""recommendation"", 4.54], [""production"", 4.36], [""credibility"", 4.32], [""issue"", 4.26], [""importance"", 4.2], [""proximity"", 4.19], [""effort"", 4.18], [""confidence"", 4.12], [""activity"", 4.12], [""operation"", 4.12], [""similarity"", 4.11], [""gain"", 4.01], [""combination"", 4.0], [""conclusion"", 3.97], [""approach"", 3.93], [""chemistry"", 3.8], [""development"", 3.78], [""object"", 3.73], [""flight"", 3.72], [""place"", 3.69], [""project"", 3.68], [""article"", 3.64], [""example"", 3.63], [""plan"", 3.59], [""match"", 3.53]]"
practice,discipline,0.79,"[[""performance"", 5.73], [""activity"", 5.71], [""operation"", 5.59], [""development"", 5.22], [""plan"", 5.17], [""production"", 5.03], [""issue"", 4.94], [""project"", 4.8], [""implement"", 4.7], [""place"", 4.65], [""live"", 4.63], [""industry"", 4.63], [""series"", 4.62], [""doctor"", 4.59], [""discipline"", 4.51]]"
precedent,example,0.5,"[[""antecedent"", 8.12], [""example"", 4.06]]"
prejudice,racism,1.0,"[[""racism"", 5.33]]"
president,governor,1.0,"[[""governor"", 5.84]]"
problem,issue,1.0,"[[""issue"", 6.78]]"
production,industry,0.5,"[[""production"", 10.0], [""performance"", 6.27], [""development"", 6.1], [""operation"", 5.56], [""project"", 5.07], [""industry"", 4.97]]"
professor,student,0.43,"[[""professor"", 10.0], [""doctor"", 4.69], [""student"", 4.32]]"
profit,gain,1.0,"[[""gain"", 6.16]]"
psychology,psychiatry,1.0,"[[""psychiatry"", 6.39]]"
reason,cognition,0.65,"[[""issue"", 4.84], [""example"", 4.18], [""object"", 4.11], [""credibility"", 4.1], [""recommendation"", 3.95], [""place"", 3.84], [""oracle"", 3.82], [""car"", 3.81], [""history"", 3.79], [""chemistry"", 3.73], [""energy"", 3.73], [""antecedent"", 3.71], [""confidence"", 3.68], [""warning"", 3.64], [""artifact"", 3.61], [""plan"", 3.6], [""year"", 3.59], [""science"", 3.56], [""conclusion"", 3.55], [""fruit"", 3.55], [""effort"", 3.55], [""mother"", 3.54], [""currency"", 3.43], [""motto"", 3.42], [""project"", 3.39], [""hill"", 3.36], [""production"", 3.35], [""lad"", 3.34], [""doctor"", 3.31], [""gain"", 3.28], [""implement"", 3.27], [""news"", 3.27], [""operation"", 3.26], [""nation"", 3.26], [""entity"", 3.25], [""term"", 3.22], [""importance"", 3.22], [""series"", 3.2], [""activity"", 3.2], [""buck"", 3.2], [""computation"", 3.17], [""madhouse"", 3.16], [""cognition"", 3.16]]"
report,news,0.88,"[[""warning"", 4.64], [""issue"", 4.36], [""recommendation"", 4.2], [""information"", 4.16], [""project"", 4.12], [""news"", 4.09]]"
rock,music,1.0,"[[""music"", 4.83]]"
rooster,cock,0.48,"[[""rooster"", 10.0], [""rook"", 5.38], [""cock"", 4.84]]"
school,institution,0.75,"[[""student"", 6.5], [""place"", 4.96], [""hotel"", 4.91], [""institution"", 4.85]]"
seafood,lobster,1.0,"[[""lobster"", 5.28]]"
seven,buck,0.7,"[[""series"", 4.48], [""serial"", 3.92], [""tournament"", 3.9], [""year"", 3.81], [""yen"", 3.73], [""queen"", 3.68], [""children"", 3.64], [""month"", 3.61], [""kind"", 3.6], [""wizard"", 3.58], [""doctor"", 3.57], [""woman"", 3.45], [""combination"", 3.33], [""article"", 3.32], [""phone"", 3.3], [""match"", 3.27], [""eye"", 3.21], [""confidence"", 3.2], [""sex"", 3.19], [""student"", 3.17], [""buck"", 3.15]]"
shore,water,0.31,"[[""shore"", 10.0], [""surface"", 5.49], [""hill"", 4.69], [""landscape"", 4.5], [""forest"", 4.47], [""noon"", 3.88], [""departure"", 3.72], [""center"", 3.62], [""moon"", 3.6], [""yen"", 3.6], [""sun"", 3.6], [""oracle"", 3.57], [""woodland"", 3.47], [""star"", 3.38], [""airport"", 3.3], [""place"", 3.3], [""phone"", 3.26], [""live"", 3.25], [""ear"", 3.23], [""operation"", 3.22], [""graveyard"", 3.21], [""loss"", 3.2], [""slave"", 3.2], [""project"", 3.18], [""eye"", 3.12], [""water"", 3.12]]"
shower,water,0.65,"[[""thunderstorm"", 4.67], [""series"", 3.98], [""match"", 3.97], [""stove"", 3.87], [""hike"", 3.69], [""sprint"", 3.61], [""theater"", 3.59], [""girl"", 3.57], [""doctor"", 3.56], [""hotel"", 3.49], [""group"", 3.46], [""noon"", 3.41], [""phone"", 3.38], [""nurse"", 3.37], [""tournament"", 3.36], [""interview"", 3.35], [""radio"", 3.32], [""place"", 3.31], [""basketball"", 3.3], [""collection"", 3.28], [""departure"", 3.25], [""recess"", 3.23], [""sun"", 3.22], [""project"", 3.22], [""jewel"", 3.2], [""madhouse"", 3.2], [""sex"", 3.19], [""smile"", 3.18], [""marriage"", 3.16], [""medal"", 3.15], [""flight"", 3.12], [""shore"", 3.1], [""car"", 3.09], [""water"", 3.06]]"
sign,match,0.93,"[[""term"", 4.9], [""match"", 4.55]]"
situation,issue,1.0,"[[""issue"", 5.55]]"
skin,surface,1.0,"[[""surface"", 5.46]]"
smart,automobile,0.63,"[[""stupid"", 4.24], [""wizard"", 4.23], [""kind"", 4.08], [""science"", 3.97], [""car"", 3.81], [""phone"", 3.77], [""center"", 3.73], [""confidence"", 3.69], [""cash"", 3.66], [""cock"", 3.64], [""woman"", 3.64], [""news"", 3.62], [""star"", 3.61], [""equipment"", 3.48], [""eye"", 3.48], [""match"", 3.41], [""warning"", 3.39], [""doctor"", 3.34], [""block"", 3.34], [""smile"", 3.34], [""slave"", 3.33], [""chemistry"", 3.33], [""object"", 3.28], [""yen"", 3.26], [""children"", 3.25], [""lad"", 3.25], [""information"", 3.22], [""American"", 3.22], [""gain"", 3.2], [""metal"", 3.18], [""student"", 3.16], [""animal"", 3.16], [""fruit"", 3.15], [""CD"", 3.14], [""sprint"", 3.13], [""plan"", 3.11], [""activity"", 3.1], [""combination"", 3.09], [""buck"", 3.08], [""cat"", 3.06], [""implement"", 3.05], [""noon"", 3.05], [""jewel"", 3.01], [""cognition"", 3.01], [""magician"", 3.0], [""article"", 3.0], [""queen"", 2.98], [""ear"", 2.96], [""artifact"", 2.93], [""brother"", 2.89], [""music"", 2.89], [""water"", 2.88], [""tiger"", 2.87], [""series"", 2.86], [""sun"", 2.85], [""serial"", 2.85], [""energy"", 2.85], [""secretary"", 2.82], [""entity"", 2.82], [""mother"", 2.82], [""oracle"", 2.8], [""peace"", 2.8], [""radio"", 2.79], [""hotel"", 2.79], [""trading"", 2.79], [""girl"", 2.79], [""group"", 2.79], [""year"", 2.77], [""food"", 2.77], [""development"", 2.75], [""wine"", 2.75], [""example"", 2.75], [""eat"", 2.74], [""place"", 2.73], [""operation"", 2.69], [""computation"", 2.67], [""automobile"", 2.67]]"
space,star,0.66,"[[""center"", 5.66], [""place"", 5.51], [""object"", 5.35], [""chemistry"", 5.32], [""activity"", 5.32], [""string"", 5.28], [""term"", 5.22], [""match"", 5.15], [""yen"", 5.0], [""entity"", 4.98], [""landscape"", 4.85], [""group"", 4.79], [""plan"", 4.75], [""surface"", 4.63], [""hotel"", 4.61], [""series"", 4.59], [""culture"", 4.55], [""article"", 4.55], [""project"", 4.54], [""issue"", 4.49], [""forest"", 4.48], [""block"", 4.45], [""energy"", 4.42], [""equipment"", 4.38], [""shore"", 4.33], [""proximity"", 4.29], [""month"", 4.23], [""institution"", 4.22], [""fruit"", 4.21], [""sex"", 4.18], [""recess"", 4.16], [""noon"", 4.16], [""example"", 4.16], [""architecture"", 4.15], [""life"", 4.15], [""artifact"", 4.08], [""currency"", 4.08], [""flight"", 4.06], [""science"", 4.04], [""news"", 4.0], [""car"", 4.0], [""development"", 3.99], [""student"", 3.97], [""departure"", 3.96], [""oracle"", 3.95], [""cash"", 3.94], [""peace"", 3.94], [""nation"", 3.93], [""personnel"", 3.92], [""phone"", 3.91], [""substance"", 3.91], [""woman"", 3.89], [""airport"", 3.83], [""year"", 3.76], [""slave"", 3.74], [""operation"", 3.73], [""sprint"", 3.72], [""star"", 3.72]]"
start,departure,0.81,"[[""center"", 5.52], [""match"", 5.07], [""project"", 4.84], [""activity"", 4.83], [""live"", 4.8], [""development"", 4.7], [""series"", 4.56], [""departure"", 4.45]]"
stock,trading,0.92,"[[""collection"", 4.58], [""cash"", 4.46], [""serial"", 4.37], [""currency"", 4.34], [""production"", 4.34], [""artifact"", 4.28], [""loss"", 4.27], [""equipment"", 4.24], [""trading"", 4.24]]"
street,avenue,1.0,"[[""avenue"", 5.05]]"
student,Yale,0.29,"[[""student"", 10.0], [""slave"", 5.06], [""woman"", 5.03], [""girl"", 5.02], [""children"", 4.71], [""institution"", 4.38], [""professor"", 4.32], [""kind"", 4.09], [""hotel"", 4.06], [""doctor"", 4.06], [""lad"", 3.9], [""animal"", 3.88], [""project"", 3.86], [""article"", 3.84], [""yen"", 3.75], [""payment"", 3.74], [""sex"", 3.73], [""nurse"", 3.72], [""departure"", 3.71], [""entity"", 3.7], [""mother"", 3.7], [""personnel"", 3.7], [""group"", 3.68], [""term"", 3.67], [""activity"", 3.66], [""object"", 3.66], [""flight"", 3.63], [""interview"", 3.61], [""year"", 3.6], [""nation"", 3.58], [""news"", 3.58], [""secretary"", 3.56], [""equipment"", 3.54], [""tournament"", 3.53], [""American"", 3.52], [""eat"", 3.5], [""development"", 3.5], [""industry"", 3.44], [""match"", 3.43], [""gain"", 3.43], [""star"", 3.4], [""culture"", 3.38], [""place"", 3.38], [""issue"", 3.36], [""month"", 3.34], [""eye"", 3.33], [""life"", 3.32], [""science"", 3.31], [""queen"", 3.3], [""example"", 3.3], [""live"", 3.29], [""brother"", 3.28], [""information"", 3.28], [""association"", 3.25], [""music"", 3.24], [""gin"", 3.23], [""center"", 3.23], [""egg"", 3.2], [""car"", 3.18], [""airport"", 3.17], [""loss"", 3.16], [""serial"", 3.16], [""chemistry"", 3.15], [""cat"", 3.15], [""water"", 3.13], [""stupid"", 3.12], [""oracle"", 3.08], [""operation"", 3.08], [""history"", 3.07], [""buck"", 3.03], [""phone"", 3.02], [""wizard"", 3.02], [""noon"", 3.01], [""voyage"", 3.0], [""series"", 2.99], [""production"", 2.97], [""performance"", 2.96], [""substance"", 2.96], [""ear"", 2.95], [""plan"", 2.94], [""collection"", 2.91], [""cash"", 2.91], [""soccer"", 2.91], [""moon"", 2.9], [""death"", 2.9], [""surface"", 2.89], [""lobster"", 2.89], [""string"", 2.88], [""block"", 2.88], [""food"", 2.88], [""Jackson"", 2.87], [""forest"", 2.87], [""sun"", 2.86], [""theater"", 2.86], [""Yale"", 2.85]]"
sugar,cash,0.73,"[[""butter"", 4.79], [""substance"", 4.37], [""fruit"", 3.95], [""potato"", 3.89], [""string"", 3.81], [""food"", 3.68], [""cabbage"", 3.52], [""cash"", 3.5]]"
television,radio,0.97,"[[""theater"", 4.86], [""radio"", 4.72]]"
theater,performance,0.34,"[[""theater"", 10.0], [""tournament"", 4.1], [""music"", 3.81], [""activity"", 3.71], [""place"", 3.69], [""hotel"", 3.69], [""center"", 3.58], [""architecture"", 3.48], [""tennis"", 3.44], [""institution"", 3.41], [""performance"", 3.4]]"
tiger,feline,0.46,"[[""tiger"", 10.0], [""jaguar"", 5.73], [""animal"", 4.8], [""mammal"", 4.63], [""feline"", 4.6]]"
train,car,0.94,"[[""equipment"", 5.22], [""car"", 4.89]]"
travel,voyage,0.99,"[[""flight"", 5.84], [""voyage"", 5.77]]"
type,kind,0.89,"[[""entity"", 5.85], [""term"", 5.78], [""object"", 5.32], [""kind"", 5.19]]"
viewer,eye,0.98,"[[""landscape"", 4.79], [""object"", 4.74], [""eye"", 4.69]]"
vodka,**gin**,1.0,[]
volunteer,group,0.65,"[[""nurse"", 4.34], [""student"", 4.18], [""personnel"", 3.87], [""effort"", 3.87], [""slave"", 3.64], [""woman"", 3.59], [""voyage"", 3.51], [""association"", 3.46], [""operation"", 3.45], [""activity"", 3.44], [""interview"", 3.44], [""project"", 3.38], [""hike"", 3.37], [""flight"", 3.27], [""governor"", 3.25], [""gain"", 3.25], [""implement"", 3.18], [""kind"", 3.18], [""development"", 3.15], [""yen"", 3.1], [""smile"", 3.06], [""motto"", 3.04], [""professor"", 3.04], [""live"", 3.03], [""animal"", 3.02], [""doctor"", 3.01], [""performance"", 3.01], [""secretary"", 2.99], [""object"", 2.97], [""nation"", 2.95], [""gin"", 2.95], [""recommendation"", 2.93], [""issue"", 2.92], [""oracle"", 2.92], [""lad"", 2.92], [""departure"", 2.9], [""eat"", 2.88], [""plan"", 2.87], [""fruit"", 2.86], [""tournament"", 2.86], [""entity"", 2.83], [""medal"", 2.83], [""discipline"", 2.83], [""children"", 2.81], [""group"", 2.81]]"
wood,forest,0.95,"[[""woodland"", 5.54], [""forest"", 5.24]]"
word,term,1.0,"[[""term"", 4.7]]"
