Input_Text,Algorithm_Match_GPT,Reasoning,Embedding_Top_Matches,GPT_In_Threshold_Embedding
Arafat,hill,Mount Arafat is a significant elevated location.,"[[""rabbi"", 4.0], [""artifact"", 2.81]]",False
Harvard,Yale,Similar prestigious American university as Harvard.,"[[""Yale"", 6.51]]",True
Japanese,yen,Official Japanese currency used in economic transactions.,"[[""yen"", 4.71], [""American"", 4.47], [""woman"", 3.98], [""kind"", 3.82], [""culture"", 3.61], [""Jackson"", 3.57], [""currency"", 3.51], [""girl"", 3.49], [""term"", 3.44], [""student"", 3.43], [""phone"", 3.41], [""series"", 3.34], [""ear"", 3.33], [""doctor"", 3.33], [""oracle"", 3.3], [""gin"", 3.3], [""music"", 3.28], [""slave"", 3.24], [""chemistry"", 3.21], [""group"", 3.18], [""CD"", 3.18], [""entity"", 3.17]]",True
Mars,star,Both are celestial objects in the universe.,"[[""moon"", 3.97], [""jaguar"", 3.42], [""Brazil"", 3.28], [""surface"", 3.02], [""fruit"", 3.01], [""car"", 2.95], [""star"", 2.93], [""brandy"", 2.89], [""water"", 2.88], [""animal"", 2.83], [""month"", 2.81], [""atmosphere"", 2.76], [""woman"", 2.76], [""landscape"", 2.7], [""lobster"", 2.67]]",True
Mexico,nation,Mexico is a sovereign country.,"[[""Brazil"", 4.61], [""nation"", 3.41]]",True
Wednesday,entity,Wednesday represents a day of the week.,"[[""month"", 4.9], [""noon"", 4.64], [""year"", 4.28], [""tournament"", 4.24], [""woman"", 4.21], [""series"", 4.17], [""term"", 4.1], [""girl"", 4.02], [""yen"", 3.98], [""match"", 3.88], [""moon"", 3.61], [""doctor"", 3.6], [""oracle"", 3.57], [""group"", 3.54], [""hotel"", 3.53], [""place"", 3.51], [""slave"", 3.43], [""departure"", 3.43], [""student"", 3.42], [""water"", 3.42], [""mother"", 3.39], [""wizard"", 3.39], [""kind"", 3.38], [""issue"", 3.32], [""news"", 3.31], [""hill"", 3.31], [""center"", 3.3], [""payment"", 3.28]]",False
aluminum,metal,Aluminum is a type of metal.,"[[""metal"", 5.0], [""medal"", 3.68], [""automobile"", 3.65], [""chemistry"", 3.54], [""water"", 3.4]]",True
announcement,news,"Shares public information, similar to an announcement.","[[""warning"", 5.56], [""departure"", 4.66], [""news"", 4.55], [""association"", 4.46], [""operation"", 4.34], [""project"", 4.21], [""information"", 4.2], [""block"", 4.18], [""institution"", 4.12], [""issue"", 4.02], [""tournament"", 4.02], [""artifact"", 4.01], [""article"", 3.98], [""development"", 3.97], [""activity"", 3.88], [""payment"", 3.81]]",True
architecture,infrastructure,Related to building structures and physical systems.,"[[""architecture"", 10.0], [""landscape"", 5.51], [""artifact"", 5.03], [""plan"", 4.89], [""development"", 4.64], [""institution"", 4.52], [""forest"", 4.34], [""history"", 4.3], [""project"", 4.18], [""music"", 4.13], [""activity"", 4.09], [""chemistry"", 4.08], [""culture"", 4.07], [""object"", 4.07], [""infrastructure"", 4.07], [""entity"", 4.02], [""association"", 3.93], [""hotel"", 3.81], [""science"", 3.71]]",True
asylum,madhouse,"A place for mental patients, similar to asylum.","[[""isolation"", 4.88], [""madhouse"", 4.26], [""psychiatry"", 3.55], [""institution"", 3.47], [""airport"", 3.33], [""recess"", 3.31]]",True
atmosphere,culture,Represents the prevailing atmosphere or environment.,"[[""atmosphere"", 10.0], [""culture"", 3.85], [""energy"", 3.8], [""substance"", 3.72], [""infrastructure"", 3.57], [""noon"", 3.52], [""life"", 3.4], [""thunderstorm"", 3.37], [""activity"", 3.34], [""theater"", 3.33], [""chemistry"", 3.31], [""entity"", 3.28], [""object"", 3.26], [""landscape"", 3.24], [""personnel"", 3.2], [""forest"", 3.19], [""article"", 3.03], [""water"", 3.02], [""jazz"", 2.98], [""music"", 2.96], [""avenue"", 2.95], [""surface"", 2.95], [""issue"", 2.94], [""stove"", 2.94], [""artifact"", 2.94], [""science"", 2.91], [""fauna"", 2.9], [""moon"", 2.85], [""association"", 2.81], [""motto"", 2.8], [""place"", 2.8], [""death"", 2.79], [""architecture"", 2.78], [""effort"", 2.76], [""industry"", 2.76], [""flight"", 2.73], [""institution"", 2.71], [""madhouse"", 2.69], [""organism"", 2.67], [""peace"", 2.67], [""cognition"", 2.66], [""fruit"", 2.66], [""hotel"", 2.66], [""graveyard"", 2.65], [""production"", 2.59]]",True
attempt,effort,Similar meaning to 'attempt'.,"[[""effort"", 5.6], [""artifact"", 5.43], [""activity"", 5.34], [""implement"", 5.18], [""match"", 5.16], [""operation"", 5.05], [""tournament"", 5.02], [""eat"", 4.98], [""object"", 4.95], [""issue"", 4.77], [""wizard"", 4.69], [""gain"", 4.66], [""project"", 4.66], [""oracle"", 4.65], [""approach"", 4.54], [""flight"", 4.48], [""article"", 4.45], [""combination"", 4.34], [""example"", 4.33], [""plan"", 4.3], [""equipment"", 4.29], [""block"", 4.22], [""series"", 4.18], [""entity"", 4.12], [""development"", 4.08], [""performance"", 4.01], [""chemistry"", 4.0], [""term"", 4.0], [""production"", 3.98], [""institution"", 3.95], [""car"", 3.93], [""fruit"", 3.92], [""egg"", 3.88], [""student"", 3.87], [""association"", 3.86], [""gin"", 3.82], [""collection"", 3.82], [""animal"", 3.79], [""interview"", 3.79], [""warning"", 3.77], [""insurance"", 3.76], [""confidence"", 3.76]]",True
benchmark,example,Provides a standard against which to compare,"[[""index"", 4.86], [""artifact"", 4.63], [""confidence"", 4.39], [""center"", 4.3], [""performance"", 4.26], [""oracle"", 4.26], [""match"", 4.2], [""buck"", 4.17], [""serial"", 4.03], [""block"", 4.03], [""group"", 4.0], [""chemistry"", 3.97], [""currency"", 3.95], [""combination"", 3.87], [""tournament"", 3.86], [""object"", 3.83], [""series"", 3.79], [""cock"", 3.78], [""implement"", 3.74], [""warning"", 3.73], [""development"", 3.72], [""institution"", 3.69], [""industry"", 3.67], [""gain"", 3.66], [""issue"", 3.63], [""example"", 3.59], [""plan"", 3.58], [""collection"", 3.57], [""culture"", 3.54], [""term"", 3.53], [""hill"", 3.51], [""architecture"", 3.5], [""activity"", 3.49], [""star"", 3.46], [""project"", 3.45], [""history"", 3.42], [""recommendation"", 3.42], [""string"", 3.41], [""motto"", 3.4], [""entity"", 3.4], [""CD"", 3.39], [""car"", 3.39], [""nation"", 3.38], [""credibility"", 3.36], [""equipment"", 3.34], [""association"", 3.33], [""butter"", 3.32], [""surface"", 3.29]]",True
bird,crane,A specific type of bird similar to 'bird'.,"[[""animal"", 6.16], [""cat"", 4.8], [""flight"", 4.61], [""rooster"", 4.57], [""tiger"", 4.46], [""forest"", 4.42], [""egg"", 4.37], [""moon"", 4.36], [""fauna"", 4.31], [""mammal"", 4.25], [""woman"", 4.19]]",False
bishop,rook,Similar chess piece.,"[[""doctor"", 4.56], [""queen"", 4.49], [""rabbi"", 4.27], [""secretary"", 3.98], [""governor"", 3.97], [""mother"", 3.87], [""cock"", 3.84], [""architecture"", 3.74], [""professor"", 3.62], [""oracle"", 3.61], [""airport"", 3.53], [""eye"", 3.5], [""brother"", 3.47], [""wizard"", 3.46], [""egg"", 3.37], [""warning"", 3.34], [""lad"", 3.28], [""woman"", 3.23], [""children"", 3.23], [""star"", 3.22], [""confidence"", 3.21], [""buck"", 3.2], [""kind"", 3.16], [""year"", 3.16], [""noon"", 3.15], [""block"", 3.15], [""Jackson"", 3.15], [""institution"", 3.13], [""hill"", 3.11], [""association"", 3.11], [""center"", 3.08]]",False
board,match,Relates to board games and competitions.,"[[""car"", 5.63], [""cock"", 5.33], [""match"", 4.66], [""place"", 4.6], [""equipment"", 4.59], [""buck"", 4.49], [""lad"", 4.47], [""block"", 4.46], [""object"", 4.45], [""phone"", 4.44], [""surface"", 4.4], [""activity"", 4.36], [""term"", 4.33], [""center"", 4.33], [""airport"", 4.24], [""architecture"", 4.24], [""CD"", 4.19], [""shore"", 4.18], [""issue"", 4.16], [""artifact"", 4.15], [""plan"", 4.13], [""article"", 4.11], [""cash"", 4.09], [""oracle"", 4.05], [""string"", 4.04], [""radio"", 4.02], [""hotel"", 4.01], [""tableware"", 3.99], [""gin"", 3.97], [""ear"", 3.96], [""stove"", 3.94], [""recess"", 3.92], [""year"", 3.92], [""woodland"", 3.9], [""forest"", 3.88], [""rook"", 3.88], [""chemistry"", 3.87], [""egg"", 3.87], [""group"", 3.85], [""basketball"", 3.85], [""yen"", 3.82], [""discipline"", 3.81], [""fruit"", 3.8], [""automobile"", 3.78], [""institution"", 3.78], [""crane"", 3.77]]",True
boy,lad,A direct synonym and closely related term.,"[[""girl"", 6.95], [""woman"", 5.73], [""children"", 5.71], [""kind"", 5.3], [""slave"", 5.25], [""cock"", 5.16], [""lad"", 4.83]]",True
bread,cash,slang for money similar to 'bread'.,"[[""food"", 5.52], [""butter"", 5.18], [""egg"", 4.43], [""fruit"", 4.41], [""wine"", 4.24], [""eat"", 4.18], [""music"", 3.75], [""potato"", 3.75]]",False
calculation,computation,"Similar to calculation, performing mathematical operations.","[[""computation"", 6.62], [""chemistry"", 4.56]]",True
car,automobile,Synonymous term for car.,"[[""car"", 10.0], [""automobile"", 5.56], [""cock"", 5.52], [""place"", 5.3], [""equipment"", 5.29], [""cat"", 5.16], [""ear"", 5.09], [""phone"", 5.06], [""lad"", 5.02], [""animal"", 4.89], [""cash"", 4.85], [""hotel"", 4.84], [""match"", 4.59], [""activity"", 4.55], [""doctor"", 4.55], [""object"", 4.53], [""center"", 4.49], [""life"", 4.49], [""airport"", 4.44], [""flight"", 4.43], [""year"", 4.42], [""fruit"", 4.38], [""gin"", 4.37], [""eat"", 4.33], [""artifact"", 4.27], [""oracle"", 4.22], [""CD"", 4.19], [""jaguar"", 4.19], [""wizard"", 4.18], [""series"", 4.16], [""crane"", 4.03], [""chemistry"", 3.99], [""example"", 3.98], [""radio"", 3.97], [""yen"", 3.96], [""gain"", 3.95], [""article"", 3.95], [""currency"", 3.93], [""star"", 3.92], [""tournament"", 3.91], [""children"", 3.89], [""term"", 3.83], [""serial"", 3.82], [""egg"", 3.82], [""woman"", 3.78], [""rooster"", 3.76], [""entity"", 3.75], [""girl"", 3.74], [""music"", 3.74], [""culture"", 3.73]]",True
cell,phone,Short form for 'cell phone'.,"[[""entity"", 5.05], [""life"", 4.97], [""car"", 4.88], [""collection"", 4.85], [""center"", 4.83], [""group"", 4.76], [""phone"", 4.67], [""cock"", 4.67], [""match"", 4.66], [""chemistry"", 4.55], [""CD"", 4.49], [""organism"", 4.48], [""development"", 4.4], [""activity"", 4.33], [""gin"", 4.31], [""fruit"", 4.3], [""object"", 4.27], [""institution"", 4.26], [""animal"", 4.25], [""combination"", 4.21], [""issue"", 4.2], [""string"", 4.19], [""cat"", 4.12], [""yen"", 4.11], [""cash"", 4.07], [""woman"", 4.04], [""culture"", 4.04], [""live"", 4.01], [""slave"", 4.0], [""series"", 4.0], [""example"", 3.99], [""term"", 3.98], [""place"", 3.97], [""serial"", 3.96], [""girl"", 3.87], [""death"", 3.87], [""tournament"", 3.8], [""egg"", 3.79], [""eye"", 3.78], [""sex"", 3.76], [""kind"", 3.69], [""nation"", 3.67], [""tiger"", 3.65], [""article"", 3.65], [""queen"", 3.65], [""jewel"", 3.6], [""oracle"", 3.59], [""hotel"", 3.58], [""equipment"", 3.58], [""sprint"", 3.58], [""children"", 3.58], [""production"", 3.53], [""gain"", 3.52], [""confidence"", 3.5], [""mammal"", 3.49], [""feline"", 3.48], [""doctor"", 3.47], [""news"", 3.46], [""flight"", 3.44], [""mother"", 3.42], [""year"", 3.42], [""wizard"", 3.39], [""energy"", 3.39]]",True
cemetery,graveyard,Synonymous place for burial and remembrance.,"[[""graveyard"", 7.5]]",True
century,year,Represents a unit of time related to century.,"[[""century"", 10.0], [""year"", 4.28], [""dollar"", 3.76], [""center"", 3.75], [""avenue"", 3.66], [""currency"", 3.57], [""month"", 3.54], [""kilometer"", 3.28], [""culture"", 3.27], [""car"", 3.18], [""yen"", 3.08], [""cock"", 3.05], [""development"", 3.04], [""chemistry"", 3.01], [""history"", 2.98], [""ear"", 2.92], [""collection"", 2.9], [""term"", 2.9]]",True
championship,tournament,Synonymous with competition or championship events.,"[[""tournament"", 4.81], [""match"", 3.85], [""medal"", 3.74], [""basketball"", 3.73], [""chemistry"", 3.72], [""soccer"", 3.57], [""center"", 3.52], [""series"", 3.45], [""confidence"", 3.44], [""CD"", 3.42], [""queen"", 3.41], [""association"", 3.38], [""term"", 3.33], [""car"", 3.31], [""tennis"", 3.3], [""secretary"", 3.29], [""nation"", 3.29], [""century"", 3.28], [""cock"", 3.25], [""performance"", 3.23]]",True
chance,match,Relates to probability or possible outcomes.,"[[""confidence"", 4.47], [""gain"", 4.21], [""combination"", 4.04], [""chemistry"", 3.99], [""flight"", 3.89], [""cash"", 3.89], [""tournament"", 3.88], [""loss"", 3.86], [""kind"", 3.82], [""issue"", 3.75], [""effort"", 3.72], [""credibility"", 3.71], [""match"", 3.69], [""cock"", 3.66], [""lad"", 3.63], [""dollar"", 3.55], [""car"", 3.54], [""oracle"", 3.45], [""buck"", 3.45], [""development"", 3.42], [""recommendation"", 3.41], [""voyage"", 3.41], [""wizard"", 3.4], [""yen"", 3.39], [""currency"", 3.38], [""place"", 3.37], [""approach"", 3.35], [""culture"", 3.33], [""importance"", 3.33], [""gin"", 3.32], [""noon"", 3.29], [""life"", 3.26], [""term"", 3.25], [""production"", 3.22], [""collection"", 3.21], [""artifact"", 3.19], [""project"", 3.18], [""proximity"", 3.18], [""sex"", 3.18], [""jewel"", 3.16], [""death"", 3.14], [""recess"", 3.13], [""plan"", 3.12], [""group"", 3.12], [""fruit"", 3.11], [""departure"", 3.1], [""motto"", 3.1], [""jazz"", 3.08], [""children"", 3.07], [""conclusion"", 3.07], [""article"", 3.05], [""smile"", 3.05], [""performance"", 3.05], [""trading"", 3.02], [""insurance"", 3.02], [""substance"", 3.01], [""energy"", 3.01]]",True
chord,music,A harmonic element in musical compositions.,"[[""music"", 4.32], [""chemistry"", 3.56], [""term"", 3.52], [""cock"", 3.42], [""jazz"", 3.38], [""center"", 3.36], [""CD"", 3.36], [""ear"", 3.35], [""series"", 3.24], [""group"", 3.21], [""match"", 3.2], [""energy"", 3.19], [""string"", 3.19], [""plan"", 3.18], [""yen"", 3.16], [""fruit"", 3.14], [""issue"", 3.12], [""kind"", 3.04], [""phone"", 3.04], [""motto"", 3.03], [""culture"", 3.02], [""metal"", 3.02], [""car"", 3.02], [""hill"", 3.01], [""discipline"", 3.0], [""crane"", 3.0], [""radio"", 2.99], [""atmosphere"", 2.95], [""combination"", 2.94], [""architecture"", 2.94], [""association"", 2.93], [""shore"", 2.92], [""entity"", 2.91]]",True
coast,shore,Area where land meets the sea.,"[[""shore"", 4.92], [""center"", 4.14], [""cock"", 4.1], [""surface"", 3.68], [""hill"", 3.66], [""car"", 3.6], [""place"", 3.59], [""landscape"", 3.57], [""culture"", 3.55], [""recess"", 3.54], [""avenue"", 3.53], [""voyage"", 3.53], [""woodland"", 3.31], [""kilometer"", 3.3]]",True
computer,computation,Essential function related to computer operations.,"[[""phone"", 4.92], [""equipment"", 4.75], [""information"", 4.5], [""computation"", 4.36], [""cat"", 4.22], [""chemistry"", 4.19], [""object"", 4.19], [""car"", 4.16], [""CD"", 4.1], [""science"", 3.94], [""center"", 3.92], [""children"", 3.89], [""institution"", 3.89], [""radio"", 3.84], [""wizard"", 3.82], [""animal"", 3.79], [""doctor"", 3.73], [""operation"", 3.7], [""cock"", 3.65], [""automobile"", 3.58], [""combination"", 3.56], [""music"", 3.55], [""metal"", 3.49], [""woman"", 3.47], [""hotel"", 3.44], [""organism"", 3.41], [""student"", 3.39], [""development"", 3.35], [""history"", 3.3]]",True
consumer,payment,Involved in consumer transactions.,"[[""woman"", 5.42], [""cock"", 5.18], [""student"", 5.06], [""cash"", 4.86], [""car"", 4.81], [""object"", 4.8], [""industry"", 4.8], [""gain"", 4.79], [""activity"", 4.79], [""culture"", 4.77], [""equipment"", 4.77], [""collection"", 4.74], [""chemistry"", 4.65], [""production"", 4.6], [""fruit"", 4.54], [""animal"", 4.54], [""issue"", 4.47], [""entity"", 4.47], [""yen"", 4.44], [""slave"", 4.4], [""currency"", 4.39], [""oracle"", 4.38], [""center"", 4.38], [""nation"", 4.29], [""loss"", 4.29], [""personnel"", 4.29], [""American"", 4.19], [""group"", 4.19], [""gin"", 4.16], [""eat"", 4.11], [""article"", 4.1], [""combination"", 4.06], [""performance"", 4.06], [""carnivore"", 4.05], [""doctor"", 4.03], [""confidence"", 4.03], [""news"", 4.02], [""phone"", 3.98], [""kind"", 3.96], [""development"", 3.95], [""cat"", 3.92], [""buck"", 3.87], [""girl"", 3.86], [""artifact"", 3.86], [""payment"", 3.84], [""match"", 3.84], [""trading"", 3.83], [""children"", 3.83], [""hotel"", 3.82], [""eye"", 3.82], [""wizard"", 3.8], [""information"", 3.79], [""automobile"", 3.79], [""ear"", 3.75], [""recommendation"", 3.75], [""food"", 3.72], [""organism"", 3.72], [""example"", 3.7], [""operation"", 3.7], [""mother"", 3.69], [""life"", 3.65]]",True
crane,fauna,"Crane is a type of bird, part of fauna.","[[""crane"", 10.0], [""car"", 4.03], [""cock"", 3.91], [""rooster"", 3.58], [""oracle"", 3.55], [""sprint"", 3.41], [""equipment"", 3.41], [""buck"", 3.4], [""doctor"", 3.29], [""nurse"", 3.22], [""mammal"", 3.21], [""cat"", 3.21], [""artifact"", 3.19], [""tiger"", 3.19], [""animal"", 3.18], [""phone"", 3.17], [""lobster"", 3.09], [""wizard"", 3.07], [""slave"", 3.05], [""collection"", 3.03], [""gin"", 3.03], [""project"", 3.03], [""gain"", 3.02], [""lad"", 3.01], [""carnivore"", 3.0], [""architecture"", 2.97], [""graveyard"", 2.97], [""combination"", 2.96], [""jaguar"", 2.94], [""flight"", 2.92], [""woman"", 2.91], [""year"", 2.89], [""personnel"", 2.88], [""plan"", 2.87], [""center"", 2.85], [""cucumber"", 2.84], [""effort"", 2.83], [""feline"", 2.81], [""match"", 2.8], [""eye"", 2.78], [""cognition"", 2.78], [""egg"", 2.77], [""object"", 2.77], [""ear"", 2.77], [""automobile"", 2.76], [""eat"", 2.76], [""hill"", 2.75], [""implement"", 2.74], [""brother"", 2.74], [""operation"", 2.72], [""approach"", 2.71]]",False
cucumber,fruit,Cucumber is classified as a type of fruit.,"[[""cucumber"", 10.0], [""cabbage"", 5.93], [""potato"", 4.09], [""fruit"", 3.99]]",True
cup,tableware,Cup is a type of tableware.,"[[""cock"", 6.59], [""car"", 5.71], [""cash"", 4.98], [""center"", 4.97], [""fruit"", 4.87], [""place"", 4.75], [""buck"", 4.6], [""lad"", 4.54], [""butter"", 4.45]]",False
delay,project,"Common phrase ""project delay"".","[[""block"", 5.38], [""departure"", 4.9], [""lad"", 4.48], [""warning"", 4.18], [""noon"", 3.89], [""payment"", 3.87], [""term"", 3.85], [""loss"", 3.83], [""doctor"", 3.82], [""plan"", 3.76], [""gain"", 3.74], [""implement"", 3.74], [""flight"", 3.63]]",False
deployment,operation,Closely related to the act of deploying resources.,"[[""operation"", 6.02], [""development"", 5.84], [""project"", 5.57], [""implement"", 5.02], [""production"", 4.98], [""departure"", 4.95], [""activity"", 4.54], [""plan"", 4.47], [""artifact"", 4.3], [""equipment"", 4.26], [""landscape"", 4.26], [""oracle"", 4.2], [""collection"", 4.06], [""performance"", 4.05]]",True
development,project,Closely related to development activities.,"[[""development"", 10.0], [""production"", 6.1], [""project"", 5.47], [""activity"", 5.23], [""implement"", 5.03], [""culture"", 4.95], [""operation"", 4.85], [""issue"", 4.77], [""performance"", 4.76], [""equipment"", 4.71], [""plan"", 4.66], [""architecture"", 4.64], [""industry"", 4.63], [""chemistry"", 4.57], [""entity"", 4.56], [""gain"", 4.49], [""landscape"", 4.31], [""artifact"", 4.29], [""institution"", 4.29], [""death"", 4.27], [""combination"", 4.26], [""history"", 4.21], [""life"", 4.2], [""departure"", 4.19], [""live"", 4.18], [""term"", 4.13]]",True
direction,avenue,A type of street signifying direction.,"[[""center"", 4.68], [""place"", 4.52], [""warning"", 4.15], [""plan"", 4.15], [""chemistry"", 4.14], [""development"", 4.1], [""yen"", 4.09], [""approach"", 4.03], [""doctor"", 4.02], [""issue"", 3.99], [""activity"", 3.97], [""term"", 3.95], [""recommendation"", 3.92], [""energy"", 3.9], [""object"", 3.89], [""eye"", 3.88], [""departure"", 3.79], [""phone"", 3.78], [""operation"", 3.77], [""gin"", 3.74], [""dollar"", 3.73], [""proximity"", 3.68], [""landscape"", 3.68], [""noon"", 3.62], [""CD"", 3.58], [""avenue"", 3.57], [""motto"", 3.56], [""discipline"", 3.54], [""ear"", 3.52], [""currency"", 3.5], [""architecture"", 3.49], [""nation"", 3.48], [""kind"", 3.45], [""block"", 3.44], [""entity"", 3.38], [""lad"", 3.33], [""shore"", 3.33], [""series"", 3.33], [""flight"", 3.31], [""effort"", 3.3], [""match"", 3.28], [""group"", 3.28], [""car"", 3.28], [""example"", 3.27], [""personnel"", 3.26], [""culture"", 3.26], [""index"", 3.25], [""year"", 3.22], [""production"", 3.22], [""equipment"", 3.19], [""information"", 3.17], [""gain"", 3.17], [""string"", 3.15], [""hotel"", 3.14]]",True
dividend,cash,Financial distribution paid to shareholders.,"[[""dollar"", 4.17], [""payment"", 4.0], [""gain"", 3.58], [""collection"", 3.57], [""currency"", 3.56], [""jewel"", 3.53], [""departure"", 3.46], [""fruit"", 3.44], [""tournament"", 3.43], [""cash"", 3.4], [""issue"", 3.39], [""production"", 3.38], [""queen"", 3.27], [""insurance"", 3.26], [""recess"", 3.24], [""development"", 3.23], [""loss"", 3.23], [""article"", 3.23], [""yen"", 3.21], [""sex"", 3.19], [""medal"", 3.19], [""voyage"", 3.18], [""trading"", 3.17], [""discipline"", 3.17], [""series"", 3.14], [""term"", 3.1], [""news"", 3.03], [""month"", 2.99], [""death"", 2.98], [""performance"", 2.97], [""smile"", 2.97], [""flight"", 2.96], [""computation"", 2.94], [""serial"", 2.93], [""mammal"", 2.93], [""buck"", 2.92], [""CD"", 2.91], [""match"", 2.9], [""peace"", 2.9], [""wine"", 2.89], [""nation"", 2.88], [""marriage"", 2.86], [""block"", 2.86], [""moon"", 2.86], [""oracle"", 2.82], [""confidence"", 2.81]]",True
doctor,nurse,Nurses work closely with doctors in healthcare settings.,"[[""doctor"", 10.0], [""nurse"", 4.92], [""phone"", 4.88], [""oracle"", 4.85], [""cock"", 4.69], [""professor"", 4.69], [""woman"", 4.69], [""car"", 4.55], [""wizard"", 4.52], [""girl"", 4.38], [""hotel"", 4.31], [""eye"", 4.31], [""children"", 4.28], [""chemistry"", 4.28], [""CD"", 4.26], [""place"", 4.14], [""issue"", 4.1], [""mother"", 4.1], [""equipment"", 4.1], [""radio"", 4.1], [""lad"", 4.07], [""center"", 4.06], [""student"", 4.06], [""kind"", 4.04], [""animal"", 4.02], [""death"", 3.95], [""development"", 3.93], [""ear"", 3.93], [""slave"", 3.9], [""secretary"", 3.87], [""series"", 3.86], [""life"", 3.86], [""cat"", 3.82], [""dollar"", 3.72], [""object"", 3.7], [""operation"", 3.69], [""match"", 3.69], [""year"", 3.68], [""article"", 3.64], [""tournament"", 3.64], [""activity"", 3.63], [""fruit"", 3.62], [""term"", 3.61], [""interview"", 3.58], [""departure"", 3.55], [""sex"", 3.54], [""noon"", 3.52], [""rabbi"", 3.52], [""science"", 3.52], [""magician"", 3.51], [""airport"", 3.48], [""news"", 3.44], [""yen"", 3.41], [""artifact"", 3.41], [""warning"", 3.4], [""group"", 3.39], [""music"", 3.38], [""institution"", 3.38], [""smile"", 3.37], [""month"", 3.35], [""cash"", 3.32], [""personnel"", 3.31], [""project"", 3.31], [""history"", 3.3]]",True
dollar,buck,Informal synonym commonly used for dollar.,"[[""dollar"", 10.0], [""currency"", 5.24], [""cash"", 4.4], [""yen"", 4.29], [""buck"", 4.24], [""medal"", 3.92], [""century"", 3.76], [""doctor"", 3.72], [""kilometer"", 3.71], [""payment"", 3.64], [""car"", 3.53]]",True
drink,Wine,A type of alcoholic beverage similar to drink.,"[[""wine"", 5.61], [""eat"", 5.02], [""water"", 4.74], [""food"", 4.47], [""lad"", 4.38], [""doctor"", 4.04], [""hotel"", 3.84], [""fruit"", 3.83], [""gain"", 3.81]]",False
energy,sun,Primary natural source of energy.,"[[""energy"", 10.0], [""water"", 4.98], [""entity"", 4.79], [""equipment"", 4.77], [""activity"", 4.64], [""effort"", 4.53], [""chemistry"", 4.52], [""metal"", 4.35], [""currency"", 4.28], [""information"", 4.25], [""science"", 4.22], [""life"", 4.15], [""animal"", 4.15], [""music"", 4.12], [""production"", 4.11], [""yen"", 4.06], [""gain"", 4.06], [""fruit"", 3.98], [""woman"", 3.9], [""object"", 3.82], [""peace"", 3.81], [""atmosphere"", 3.8], [""issue"", 3.77], [""article"", 3.74], [""eat"", 3.74], [""development"", 3.7], [""nation"", 3.69], [""confidence"", 3.67], [""personnel"", 3.65], [""death"", 3.65], [""forest"", 3.64], [""substance"", 3.64], [""performance"", 3.62], [""ear"", 3.57], [""food"", 3.55], [""importance"", 3.54], [""industry"", 3.53], [""gin"", 3.5], [""artifact"", 3.49], [""flight"", 3.48], [""phone"", 3.44], [""center"", 3.41], [""eye"", 3.41]]",False
experience,life,Life encompasses personal experiences and events.,"[[""performance"", 5.82], [""activity"", 5.5], [""development"", 5.28], [""issue"", 5.19], [""entity"", 4.97], [""artifact"", 4.95], [""history"", 4.89], [""production"", 4.81], [""culture"", 4.77], [""operation"", 4.7], [""example"", 4.65], [""equipment"", 4.62], [""life"", 4.61], [""effort"", 4.57], [""industry"", 4.46], [""project"", 4.39], [""term"", 4.37], [""student"", 4.29], [""tournament"", 4.21], [""live"", 4.17], [""science"", 4.09], [""sex"", 4.08], [""association"", 4.06], [""flight"", 4.03], [""energy"", 4.02], [""confidence"", 4.02], [""eat"", 4.0], [""year"", 3.97], [""credibility"", 3.92], [""voyage"", 3.92], [""place"", 3.92]]",True
five,dollar,Five relates to the dollar currency.,"[[""series"", 4.42], [""tournament"", 3.94], [""example"", 3.9], [""phone"", 3.84], [""combination"", 3.83], [""cock"", 3.78], [""kind"", 3.76], [""serial"", 3.7], [""month"", 3.69], [""fruit"", 3.69], [""yen"", 3.66], [""car"", 3.64], [""life"", 3.61], [""eat"", 3.6], [""match"", 3.58], [""year"", 3.56], [""children"", 3.56], [""flight"", 3.56], [""doctor"", 3.5], [""confidence"", 3.47], [""feline"", 3.39], [""collection"", 3.38], [""dollar"", 3.35], [""chemistry"", 3.35], [""term"", 3.34], [""queen"", 3.33], [""production"", 3.27], [""group"", 3.26], [""smile"", 3.26], [""tiger"", 3.24], [""activity"", 3.18], [""development"", 3.17], [""issue"", 3.14], [""death"", 3.12], [""recommendation"", 3.12], [""gain"", 3.11], [""performance"", 3.11], [""woman"", 3.11], [""century"", 3.1], [""eye"", 3.1], [""place"", 3.1], [""cash"", 3.08], [""effort"", 3.07], [""mother"", 3.05], [""equipment"", 3.02], [""entity"", 3.01], [""cat"", 3.01], [""payment"", 2.97], [""noon"", 2.97], [""peace"", 2.97]]",True
focus,center,Central point of attention or activity.,"[[""center"", 5.59], [""issue"", 5.16], [""project"", 4.87], [""index"", 4.81], [""activity"", 4.67], [""plan"", 4.63], [""object"", 4.54], [""group"", 4.42], [""block"", 4.26], [""effort"", 4.17], [""surface"", 4.08], [""operation"", 4.08], [""eye"", 4.05], [""culture"", 3.95], [""approach"", 3.89], [""chemistry"", 3.89], [""place"", 3.85], [""fruit"", 3.84], [""performance"", 3.78], [""entity"", 3.77], [""confidence"", 3.75], [""cognition"", 3.74]]",True
food,fruit,A type of food item.,"[[""food"", 10.0], [""eat"", 5.68], [""fruit"", 5.3], [""music"", 4.55], [""animal"", 4.28], [""forest"", 4.26], [""wine"", 4.21], [""tableware"", 4.18], [""water"", 4.16], [""equipment"", 4.11], [""information"", 4.08], [""egg"", 4.05], [""potato"", 3.92], [""culture"", 3.9], [""butter"", 3.86], [""life"", 3.84], [""news"", 3.84]]",True
football,soccer,Similar sport involving kicking a ball.,"[[""soccer"", 5.94], [""tournament"", 5.5], [""basketball"", 5.24], [""tennis"", 5.02], [""chemistry"", 4.81], [""music"", 4.76], [""match"", 4.73], [""flight"", 4.71], [""cash"", 4.66], [""car"", 4.58], [""life"", 4.51], [""term"", 4.36], [""currency"", 4.29], [""sex"", 4.27], [""oracle"", 4.26], [""activity"", 4.24], [""fruit"", 4.21], [""hotel"", 4.13], [""trading"", 4.1], [""lad"", 4.09], [""series"", 4.08], [""news"", 4.0], [""culture"", 3.99], [""place"", 3.99]]",True
forest,woodland,Similar meaning as a type of forest.,"[[""forest"", 10.0], [""woodland"", 6.0], [""landscape"", 5.78], [""fruit"", 5.15], [""animal"", 4.89], [""fauna"", 4.84], [""shore"", 4.47], [""architecture"", 4.34], [""food"", 4.26], [""artifact"", 4.18], [""hill"", 4.11], [""graveyard"", 4.05]]",True
fuck,stupid,Profane term expressing frustration or emphasis.,"[[""girl"", 4.99], [""sex"", 4.87], [""slave"", 4.82], [""cock"", 4.74], [""eat"", 4.18], [""death"", 4.11], [""match"", 3.91], [""lad"", 3.9], [""gin"", 3.81], [""life"", 3.8], [""doctor"", 3.79], [""car"", 3.77], [""woman"", 3.74], [""cash"", 3.73], [""loss"", 3.67], [""issue"", 3.65], [""mother"", 3.63], [""gain"", 3.63], [""cat"", 3.61], [""kind"", 3.61], [""food"", 3.58], [""phone"", 3.56], [""place"", 3.55], [""animal"", 3.5], [""example"", 3.49], [""buck"", 3.47], [""flight"", 3.45], [""yen"", 3.44], [""culture"", 3.39], [""fruit"", 3.38], [""stupid"", 3.38], [""egg"", 3.36], [""block"", 3.36], [""term"", 3.35]]",True
furnace,stove,Similar heating appliance used for cooking or warmth.,"[[""stove"", 6.5]]",True
gem,jewel,Similar meaning as a precious stone.,"[[""jewel"", 5.57], [""gin"", 5.35], [""egg"", 4.61], [""gain"", 4.55], [""girl"", 4.49], [""artifact"", 4.47], [""kind"", 4.45], [""fruit"", 4.43], [""yen"", 4.29], [""wizard"", 4.28], [""group"", 4.27], [""object"", 4.27], [""equipment"", 4.13], [""entity"", 4.09], [""match"", 4.08], [""eye"", 4.02], [""medal"", 3.99], [""moon"", 3.97], [""woman"", 3.97], [""animal"", 3.94], [""oracle"", 3.94], [""wine"", 3.87], [""car"", 3.76], [""cock"", 3.76], [""tournament"", 3.75], [""queen"", 3.74]]",True
glass,tableware,Material used for dining and serving purposes.,"[[""wine"", 4.93], [""metal"", 4.66], [""gin"", 4.57], [""tableware"", 4.05], [""phone"", 4.04], [""fruit"", 3.82], [""eye"", 3.82], [""egg"", 3.76], [""jewel"", 3.71], [""cock"", 3.71], [""surface"", 3.65], [""car"", 3.65], [""girl"", 3.58], [""lad"", 3.56], [""food"", 3.55], [""loss"", 3.52], [""water"", 3.52], [""object"", 3.51], [""wizard"", 3.47], [""gain"", 3.45], [""stove"", 3.41], [""yen"", 3.41], [""artifact"", 3.34], [""ear"", 3.33], [""block"", 3.33], [""chemistry"", 3.31]]",True
governor,professor,Leadership role similar to governor.,"[[""governor"", 10.0], [""secretary"", 5.1], [""professor"", 4.06]]",True
holy,oracle,Associated with sacred prophecy and spirituality.,"[[""kind"", 4.24], [""jewel"", 3.93], [""peace"", 3.81], [""oracle"", 3.58], [""brother"", 3.49], [""queen"", 3.45], [""life"", 3.44], [""rabbi"", 3.42], [""noon"", 3.38], [""hike"", 3.38], [""mother"", 3.37], [""doctor"", 3.35], [""smile"", 3.33], [""yen"", 3.33], [""hill"", 3.28], [""month"", 3.27], [""death"", 3.26], [""woman"", 3.24], [""artifact"", 3.2], [""girl"", 3.2], [""eye"", 3.19], [""wizard"", 3.19], [""moon"", 3.18], [""stupid"", 3.17], [""hotel"", 3.16], [""graveyard"", 3.15], [""center"", 3.13], [""chemistry"", 3.11], [""madhouse"", 3.11], [""phone"", 3.1], [""news"", 3.09], [""group"", 3.08], [""lad"", 3.06], [""tournament"", 3.05], [""cock"", 3.04], [""cash"", 3.03], [""currency"", 3.01], [""car"", 3.01], [""match"", 3.01], [""medal"", 3.0], [""culture"", 3.0], [""energy"", 3.0], [""marriage"", 2.99], [""motto"", 2.98], [""gain"", 2.97], [""water"", 2.96], [""fruit"", 2.94], [""butter"", 2.93], [""issue"", 2.91], [""dollar"", 2.91], [""buck"", 2.9], [""jaguar"", 2.9], [""animal"", 2.9], [""eat"", 2.9], [""warning"", 2.89], [""example"", 2.89], [""place"", 2.89], [""series"", 2.88], [""year"", 2.87], [""food"", 2.86]]",True
hospital,nurse,Essential role within hospital setting.,"[[""hotel"", 6.56], [""doctor"", 5.35], [""airport"", 5.29], [""institution"", 4.92], [""place"", 4.59], [""center"", 4.49]]",False
image,object,Visual representation similar to an image.,"[[""entity"", 4.76], [""information"", 4.6], [""artifact"", 4.47], [""eye"", 4.37], [""landscape"", 4.3], [""object"", 4.24], [""issue"", 4.1], [""architecture"", 4.08], [""article"", 4.08], [""music"", 4.04], [""activity"", 3.94], [""institution"", 3.94], [""center"", 3.93], [""gin"", 3.86], [""gain"", 3.86], [""example"", 3.85], [""collection"", 3.78], [""culture"", 3.67], [""animal"", 3.64], [""life"", 3.57], [""eat"", 3.56], [""group"", 3.51], [""equipment"", 3.5], [""surface"", 3.47], [""term"", 3.47], [""flight"", 3.46], [""place"", 3.45], [""production"", 3.45], [""project"", 3.44], [""fruit"", 3.44], [""energy"", 3.42], [""smile"", 3.41], [""serial"", 3.4], [""woman"", 3.36], [""forest"", 3.36], [""girl"", 3.36], [""association"", 3.36], [""queen"", 3.35], [""performance"", 3.35], [""news"", 3.34], [""string"", 3.33], [""sex"", 3.33], [""egg"", 3.29], [""development"", 3.29], [""history"", 3.28], [""jewel"", 3.28], [""cat"", 3.28], [""match"", 3.25], [""hotel"", 3.24], [""chemistry"", 3.24], [""food"", 3.23], [""year"", 3.22], [""lad"", 3.21], [""kind"", 3.2]]",True
investigation,science,Related to systematic investigation.,"[[""interview"", 5.04], [""issue"", 4.55], [""operation"", 4.29], [""recommendation"", 4.05], [""activity"", 3.87], [""information"", 3.71], [""development"", 3.67], [""isolation"", 3.6], [""project"", 3.5], [""collection"", 3.49], [""chemistry"", 3.48], [""insurance"", 3.48], [""conclusion"", 3.47], [""effort"", 3.45], [""personnel"", 3.43], [""science"", 3.43], [""credibility"", 3.4], [""discipline"", 3.4]]",True
jaguar,feline,large wild cat species.,"[[""jaguar"", 10.0], [""tiger"", 5.73], [""cat"", 4.71], [""automobile"", 4.56], [""animal"", 4.4], [""jewel"", 4.36], [""feline"", 4.29], [""car"", 4.19], [""mammal"", 3.99], [""Jackson"", 3.89], [""carnivore"", 3.84]]",True
journal,article,Written piece typically published in a journal.,"[[""article"", 5.41], [""news"", 5.38], [""issue"", 4.74], [""association"", 4.44], [""month"", 4.33], [""history"", 4.28], [""serial"", 4.26], [""year"", 4.21], [""artifact"", 4.19], [""series"", 4.13], [""tournament"", 4.11], [""institution"", 4.09], [""collection"", 4.08], [""radio"", 4.06], [""music"", 4.04], [""activity"", 3.95], [""life"", 3.93], [""student"", 3.91], [""doctor"", 3.9], [""interview"", 3.85], [""live"", 3.82], [""science"", 3.71], [""index"", 3.71], [""culture"", 3.7], [""object"", 3.69], [""oracle"", 3.68], [""term"", 3.67]]",True
journey,voyage,"Synonym, similar meaning to journey.","[[""voyage"", 6.53]]",True
king,tiger,Often referred to as the king of the jungle.,"[[""queen"", 5.91], [""kind"", 5.41], [""cock"", 4.66], [""wizard"", 4.52], [""children"", 4.41], [""group"", 4.24], [""star"", 4.16], [""gin"", 4.15], [""woman"", 4.14], [""lad"", 4.1], [""governor"", 4.1], [""Jackson"", 4.08], [""oracle"", 4.04]]",False
lad,rooster,"Male bird, similar to 'lad' as a young male.","[[""lad"", 10.0], [""car"", 5.02], [""slave"", 5.01], [""flight"", 4.99], [""loss"", 4.87], [""kind"", 4.68], [""hill"", 4.67], [""hotel"", 4.66], [""cock"", 4.62], [""life"", 4.55], [""place"", 4.55], [""girl"", 4.51], [""live"", 4.48], [""gain"", 4.29], [""yen"", 4.18], [""gin"", 4.15], [""lobster"", 4.1], [""CD"", 4.08], [""doctor"", 4.07], [""landscape"", 4.04], [""match"", 4.04], [""noon"", 4.03], [""term"", 3.96], [""departure"", 3.95], [""children"", 3.94], [""cat"", 3.93], [""mother"", 3.93], [""student"", 3.9], [""oracle"", 3.89], [""confidence"", 3.85], [""airport"", 3.79], [""egg"", 3.75], [""eat"", 3.74], [""woman"", 3.71], [""moon"", 3.71], [""ear"", 3.68], [""equipment"", 3.68], [""phone"", 3.65], [""cash"", 3.62], [""queen"", 3.61], [""death"", 3.59], [""culture"", 3.55], [""month"", 3.48], [""smile"", 3.47], [""wizard"", 3.47], [""eye"", 3.41], [""animal"", 3.41], [""recess"", 3.38]]",False
life,organism,Represents living entities within a biological context.,"[[""life"", 10.0], [""live"", 6.94], [""death"", 5.72], [""activity"", 5.11], [""place"", 4.78], [""culture"", 4.77], [""fruit"", 4.73], [""hotel"", 4.69]]",False
line,phone,"""Line"" often refers to a telephone connection.","[[""series"", 5.7], [""match"", 5.57], [""term"", 5.3], [""center"", 5.24], [""chemistry"", 5.15], [""example"", 4.99], [""string"", 4.98], [""place"", 4.79], [""plan"", 4.74], [""serial"", 4.7], [""issue"", 4.58], [""landscape"", 4.56], [""yen"", 4.51], [""group"", 4.33], [""index"", 4.32], [""article"", 4.31], [""activity"", 4.26], [""entity"", 4.24], [""lad"", 4.24], [""oracle"", 4.2], [""life"", 4.2], [""sprint"", 4.14], [""live"", 4.13], [""year"", 4.08], [""car"", 4.04], [""block"", 4.04], [""hill"", 4.0], [""object"", 3.98], [""eye"", 3.97], [""surface"", 3.94], [""collection"", 3.94], [""phone"", 3.93], [""cock"", 3.92], [""gin"", 3.85]]",True
liquid,water,"Essential liquid, most common association.","[[""water"", 5.72], [""metal"", 4.54], [""life"", 4.42], [""substance"", 4.19], [""lad"", 4.04], [""fruit"", 4.04], [""object"", 3.89], [""loss"", 3.88], [""entity"", 3.86]]",True
listing,series,A sequence or list of related items.,"[[""activity"", 5.19], [""series"", 5.03], [""place"", 4.95], [""serial"", 4.89], [""live"", 4.87], [""match"", 4.67], [""collection"", 4.51], [""plan"", 4.41], [""issue"", 4.4], [""tournament"", 4.32], [""index"", 4.27], [""landscape"", 4.24], [""group"", 4.22], [""production"", 4.2], [""payment"", 4.17], [""example"", 4.16], [""performance"", 4.13], [""operation"", 4.12], [""hotel"", 4.11], [""article"", 4.11], [""lad"", 4.1], [""information"", 4.09], [""term"", 4.02], [""object"", 3.99], [""center"", 3.97], [""oracle"", 3.97], [""string"", 3.96], [""trading"", 3.95], [""life"", 3.94], [""insurance"", 3.92], [""project"", 3.88], [""artifact"", 3.88], [""history"", 3.82], [""chemistry"", 3.78], [""equipment"", 3.76], [""entity"", 3.75], [""yen"", 3.71], [""gin"", 3.71], [""industry"", 3.69], [""year"", 3.69], [""car"", 3.68], [""warning"", 3.65], [""block"", 3.61], [""departure"", 3.61], [""doctor"", 3.59], [""news"", 3.58], [""CD"", 3.58], [""loss"", 3.57], [""architecture"", 3.57], [""recommendation"", 3.57], [""cash"", 3.55], [""association"", 3.54], [""flight"", 3.53], [""secretary"", 3.5], [""radio"", 3.5], [""sex"", 3.49], [""hill"", 3.48]]",True
lobster,animal,"Lobster is a marine crustacean, part of the animal kingdom.","[[""lobster"", 10.0], [""lad"", 4.1], [""butter"", 4.06], [""oracle"", 4.03], [""cock"", 4.01], [""tiger"", 4.0], [""egg"", 3.97], [""rooster"", 3.96], [""jewel"", 3.95], [""eat"", 3.92], [""slave"", 3.91], [""animal"", 3.88], [""fruit"", 3.87], [""carnivore"", 3.8], [""buck"", 3.79], [""string"", 3.76], [""match"", 3.68], [""potato"", 3.66], [""food"", 3.61], [""loss"", 3.58], [""organism"", 3.52], [""object"", 3.47], [""jaguar"", 3.46], [""woman"", 3.43], [""mammal"", 3.42], [""moon"", 3.32], [""cabbage"", 3.31], [""hotel"", 3.3], [""cucumber"", 3.29], [""car"", 3.27], [""dollar"", 3.2], [""life"", 3.16], [""group"", 3.15], [""term"", 3.15], [""sex"", 3.15], [""example"", 3.12], [""yen"", 3.09], [""crane"", 3.09], [""doctor"", 3.09], [""article"", 3.08], [""tournament"", 3.05], [""girl"", 3.04], [""feline"", 3.03], [""automobile"", 3.02], [""stove"", 3.01], [""gain"", 2.99], [""chemistry"", 2.98], [""cat"", 2.98], [""center"", 2.98], [""queen"", 2.98], [""issue"", 2.96], [""artifact"", 2.93], [""star"", 2.92], [""flight"", 2.92], [""wizard"", 2.92], [""voyage"", 2.91], [""student"", 2.89], [""collection"", 2.88], [""fauna"", 2.88], [""month"", 2.85], [""eye"", 2.85], [""shore"", 2.83], [""medal"", 2.82], [""place"", 2.81], [""nation"", 2.81], [""gin"", 2.81], [""cash"", 2.8], [""departure"", 2.8], [""mother"", 2.8], [""manslaughter"", 2.79], [""professor"", 2.79], [""recess"", 2.78], [""tableware"", 2.78], [""ear"", 2.78], [""operation"", 2.75]]",True
magician,wizard,"similar to magician, magical practitioner.","[[""magician"", 10.0], [""wizard"", 5.67]]",True
man,lad,Similar to a young man.,"[[""woman"", 7.08], [""girl"", 5.47], [""animal"", 5.34], [""slave"", 5.04], [""object"", 5.0], [""kind"", 4.99], [""children"", 4.75]]",False
marathon,sprint,Another running event similar to marathon.,"[[""kilometer"", 4.29], [""medal"", 4.1], [""sprint"", 3.97], [""tournament"", 3.96], [""marriage"", 3.77], [""month"", 3.75], [""hike"", 3.64], [""motto"", 3.56], [""series"", 3.55], [""tennis"", 3.43], [""match"", 3.4], [""lobster"", 3.36], [""madhouse"", 3.35], [""serial"", 3.34], [""term"", 3.2], [""association"", 3.19], [""moon"", 3.17], [""car"", 3.15], [""article"", 3.1], [""project"", 3.09], [""voyage"", 3.09], [""star"", 3.07], [""center"", 3.05], [""slave"", 3.02], [""avenue"", 2.99], [""activity"", 2.99], [""oracle"", 2.99], [""performance"", 2.95], [""operation"", 2.95], [""fruit"", 2.95], [""woman"", 2.95], [""century"", 2.93], [""animal"", 2.93], [""automobile"", 2.9], [""example"", 2.9], [""artifact"", 2.88]]",True
media,radio,Direct form of mass communication medium.,"[[""information"", 4.85], [""music"", 4.43], [""radio"", 4.42], [""news"", 4.38], [""activity"", 3.78], [""metal"", 3.72], [""center"", 3.67], [""culture"", 3.66], [""production"", 3.66], [""article"", 3.59], [""industry"", 3.56], [""equipment"", 3.5], [""energy"", 3.41], [""science"", 3.37], [""issue"", 3.36], [""payment"", 3.34], [""food"", 3.26]]",True
midday,noon,Represents the middle of the day.,"[[""noon"", 5.89], [""moon"", 4.09], [""month"", 4.0]]",True
mile,kilometer,Both are units of measuring distance.,"[[""month"", 5.49], [""kilometer"", 5.1], [""hill"", 4.92], [""moon"", 4.71], [""car"", 4.63], [""year"", 4.22], [""hike"", 4.02], [""avenue"", 3.9], [""hotel"", 3.89], [""dollar"", 3.87], [""life"", 3.86], [""center"", 3.82], [""motto"", 3.8], [""medal"", 3.79], [""star"", 3.77], [""flight"", 3.76], [""match"", 3.75], [""yen"", 3.74], [""currency"", 3.72], [""buck"", 3.72], [""smile"", 3.7]]",True
ministry,institution,A governmental or organizational body.,"[[""secretary"", 4.65], [""institution"", 3.98], [""personnel"", 3.88], [""operation"", 3.67], [""motto"", 3.66], [""activity"", 3.65], [""discipline"", 3.65], [""marriage"", 3.62], [""chemistry"", 3.54], [""production"", 3.37], [""life"", 3.37], [""month"", 3.36], [""development"", 3.34], [""governor"", 3.32], [""recess"", 3.29], [""infrastructure"", 3.28], [""music"", 3.27], [""theater"", 3.26], [""effort"", 3.22], [""plan"", 3.21], [""substance"", 3.18], [""issue"", 3.17], [""importance"", 3.15], [""organism"", 3.15], [""center"", 3.14], [""association"", 3.14], [""voyage"", 3.13], [""nurse"", 3.13]]",True
minority,group,Represents a smaller subset within population.,"[[""racism"", 4.06], [""woman"", 3.98], [""issue"", 3.88], [""nation"", 3.81], [""student"", 3.67], [""group"", 3.54], [""American"", 3.42], [""isolation"", 3.39], [""slave"", 3.38], [""loss"", 3.37], [""culture"", 3.35], [""article"", 3.35], [""block"", 3.35], [""term"", 3.34], [""news"", 3.32], [""recess"", 3.15], [""recommendation"", 3.15], [""yen"", 3.14], [""object"", 3.13], [""kind"", 3.1], [""chemistry"", 3.1], [""entity"", 3.07], [""warning"", 3.05], [""association"", 3.04], [""match"", 3.02], [""girl"", 2.99], [""month"", 2.95], [""rabbi"", 2.95], [""activity"", 2.95], [""peace"", 2.93], [""secretary"", 2.91], [""metal"", 2.88], [""artifact"", 2.86], [""example"", 2.86], [""industry"", 2.86], [""animal"", 2.85], [""discipline"", 2.83], [""combination"", 2.83], [""buck"", 2.83], [""children"", 2.8], [""personnel"", 2.8], [""brother"", 2.8], [""gain"", 2.78], [""noon"", 2.78], [""departure"", 2.77], [""medal"", 2.77], [""importance"", 2.76], [""confidence"", 2.73], [""substance"", 2.72]]",True
money,cash,Synonym for money.,"[[""cash"", 6.24], [""payment"", 5.41], [""currency"", 5.41], [""dollar"", 5.07], [""energy"", 4.83], [""gain"", 4.56], [""life"", 4.49], [""food"", 4.48], [""music"", 4.39], [""water"", 4.3], [""woman"", 4.18]]",True
monk,rabbi,Similar religious leadership role.,"[[""rabbi"", 4.43], [""magician"", 3.89], [""tiger"", 3.72], [""month"", 3.7], [""professor"", 3.69], [""moon"", 3.64], [""lobster"", 3.63], [""buck"", 3.61], [""woman"", 3.61], [""discipline"", 3.55], [""object"", 3.5], [""jewel"", 3.48], [""mammal"", 3.45], [""doctor"", 3.45], [""animal"", 3.4], [""wizard"", 3.39], [""rook"", 3.35], [""brother"", 3.34], [""nurse"", 3.29], [""kind"", 3.25], [""cock"", 3.24], [""entity"", 3.21], [""noon"", 3.17], [""oracle"", 3.16], [""slave"", 3.14], [""rooster"", 3.12], [""recess"", 3.11], [""carnivore"", 3.11], [""motto"", 3.07], [""block"", 3.05], [""organism"", 3.04], [""feline"", 3.02], [""cat"", 3.01], [""queen"", 3.0], [""phone"", 2.98]]",True
month,year,Another unit of time similar to month.,"[[""month"", 10.0], [""year"", 6.47], [""term"", 4.82], [""noon"", 4.67], [""moon"", 4.63]]",True
morality,culture,Morality is a key aspect of a culture.,"[[""culture"", 4.24], [""motto"", 3.7], [""discipline"", 3.68], [""cognition"", 3.63], [""credibility"", 3.61], [""manslaughter"", 3.51], [""science"", 3.43], [""organism"", 3.39], [""entity"", 3.34], [""object"", 3.33], [""marriage"", 3.31], [""life"", 3.27], [""kind"", 3.15], [""personnel"", 3.14], [""music"", 3.14], [""death"", 3.11], [""performance"", 3.1], [""psychiatry"", 3.05], [""smile"", 3.03], [""chemistry"", 2.99], [""atmosphere"", 2.97], [""peace"", 2.95], [""history"", 2.95], [""racism"", 2.95], [""confidence"", 2.94], [""activity"", 2.93], [""importance"", 2.92]]",True
murder,manslaughter,Related unlawful killing similar to murder.,"[[""manslaughter"", 7.76]]",True
museum,institution,Similar place where collections are kept.,"[[""theater"", 4.42], [""institution"", 3.86], [""center"", 3.71], [""medal"", 3.7], [""place"", 3.66], [""hotel"", 3.52], [""culture"", 3.45], [""graveyard"", 3.37], [""jewel"", 3.33], [""artifact"", 3.31], [""month"", 3.25], [""madhouse"", 3.15], [""collection"", 3.13], [""article"", 3.09], [""recess"", 3.08], [""history"", 3.07], [""magician"", 3.02], [""forest"", 3.01], [""car"", 3.01], [""object"", 3.0], [""avenue"", 2.97]]",True
music,jazz,A genre closely related to music.,"[[""music"", 10.0], [""jazz"", 4.97], [""science"", 4.85], [""metal"", 4.65], [""culture"", 4.62], [""life"", 4.55], [""food"", 4.55], [""radio"", 4.44], [""information"", 4.27], [""wine"", 4.19], [""artifact"", 4.14], [""architecture"", 4.13], [""energy"", 4.12], [""payment"", 4.09], [""sex"", 4.08], [""chemistry"", 4.02], [""equipment"", 4.01], [""activity"", 3.97], [""news"", 3.94], [""industry"", 3.87], [""issue"", 3.86], [""girl"", 3.84], [""ear"", 3.81], [""theater"", 3.81], [""water"", 3.79], [""car"", 3.74], [""currency"", 3.74], [""history"", 3.73], [""phone"", 3.72], [""animal"", 3.71], [""forest"", 3.7], [""production"", 3.67], [""performance"", 3.66], [""fruit"", 3.61], [""nation"", 3.6], [""CD"", 3.54], [""eat"", 3.52], [""live"", 3.47], [""year"", 3.46], [""children"", 3.44], [""landscape"", 3.44], [""soccer"", 3.43], [""woman"", 3.4], [""doctor"", 3.38], [""article"", 3.38], [""tournament"", 3.36], [""yen"", 3.36], [""entity"", 3.36], [""hotel"", 3.35]]",True
noon,moon,"Similar sound to ""noon"".","[[""noon"", 10.0], [""moon"", 5.0], [""sun"", 4.73], [""month"", 4.67], [""kind"", 4.44], [""chemistry"", 4.39], [""phone"", 4.19], [""fruit"", 4.16], [""center"", 4.1], [""thunderstorm"", 4.09], [""lad"", 4.03], [""match"", 4.03], [""hill"", 3.96], [""hotel"", 3.91], [""term"", 3.9], [""cock"", 3.9], [""mother"", 3.89], [""shore"", 3.88], [""yen"", 3.87], [""woman"", 3.81], [""children"", 3.76], [""place"", 3.74], [""eye"", 3.73], [""object"", 3.72], [""activity"", 3.7], [""death"", 3.69], [""ear"", 3.67], [""peace"", 3.66], [""forest"", 3.65], [""surface"", 3.65], [""life"", 3.62], [""landscape"", 3.59], [""article"", 3.56], [""airport"", 3.56], [""oracle"", 3.53], [""atmosphere"", 3.52], [""doctor"", 3.52], [""live"", 3.5], [""departure"", 3.5], [""girl"", 3.43], [""radio"", 3.4], [""warning"", 3.39], [""rook"", 3.37]]",True
observation,information,Observation provides essential data for analysis.,"[[""object"", 5.3], [""operation"", 5.1], [""collection"", 4.9], [""activity"", 4.88], [""warning"", 4.67], [""artifact"", 4.59], [""oracle"", 4.4], [""performance"", 4.28], [""departure"", 4.14], [""noon"", 4.07], [""issue"", 4.01], [""doctor"", 4.01], [""interview"", 4.01], [""eye"", 4.0], [""animal"", 3.99], [""example"", 3.97], [""landscape"", 3.87], [""entity"", 3.83], [""group"", 3.82], [""place"", 3.81], [""index"", 3.79], [""culture"", 3.78], [""cock"", 3.76], [""equipment"", 3.76], [""match"", 3.71], [""student"", 3.7], [""serial"", 3.68], [""institution"", 3.68], [""tournament"", 3.67], [""live"", 3.66], [""recognition"", 3.66], [""history"", 3.65], [""article"", 3.64], [""development"", 3.62], [""block"", 3.62], [""information"", 3.6], [""recommendation"", 3.6], [""voyage"", 3.59]]",True
opera,theater,Related to performing arts and stage productions.,"[[""theater"", 5.41], [""operation"", 4.64], [""jazz"", 3.99], [""music"", 3.98], [""tournament"", 3.74], [""oracle"", 3.73], [""performance"", 3.69], [""object"", 3.69]]",True
peace,atmosphere,Represents the mood or feeling.,"[[""peace"", 10.0], [""confidence"", 4.59], [""kind"", 4.25], [""nation"", 4.21], [""news"", 4.04], [""energy"", 3.81], [""moon"", 3.74], [""queen"", 3.72], [""yen"", 3.7], [""smile"", 3.67], [""noon"", 3.66], [""woman"", 3.58], [""water"", 3.56], [""forest"", 3.49], [""issue"", 3.44], [""children"", 3.43], [""marriage"", 3.4], [""death"", 3.4], [""phone"", 3.36], [""life"", 3.34], [""place"", 3.34], [""music"", 3.31], [""sex"", 3.29], [""science"", 3.29], [""secretary"", 3.28], [""operation"", 3.27], [""payment"", 3.22], [""match"", 3.21], [""culture"", 3.2], [""isolation"", 3.13], [""currency"", 3.11]]",False
phone,radio,Closely related communication device.,"[[""phone"", 10.0], [""car"", 5.06], [""doctor"", 4.88], [""fruit"", 4.75], [""ear"", 4.75], [""radio"", 4.56], [""cock"", 4.54], [""equipment"", 4.47], [""hotel"", 4.33], [""chemistry"", 4.3], [""yen"", 4.24], [""cash"", 4.21], [""noon"", 4.19], [""girl"", 4.15], [""woman"", 4.05], [""life"", 4.0], [""children"", 4.0], [""object"", 3.93], [""cat"", 3.92], [""place"", 3.88], [""kind"", 3.82], [""year"", 3.8], [""eye"", 3.8], [""water"", 3.78], [""payment"", 3.76], [""airport"", 3.75], [""news"", 3.74], [""activity"", 3.73], [""term"", 3.72], [""music"", 3.72], [""metal"", 3.68], [""lad"", 3.65], [""center"", 3.63], [""automobile"", 3.62], [""flight"", 3.59], [""information"", 3.58], [""example"", 3.57], [""issue"", 3.56], [""food"", 3.55], [""block"", 3.55], [""CD"", 3.55], [""mother"", 3.54], [""animal"", 3.53], [""serial"", 3.5], [""hill"", 3.45], [""match"", 3.44], [""energy"", 3.44], [""confidence"", 3.44], [""series"", 3.42], [""currency"", 3.42], [""gin"", 3.41], [""proximity"", 3.4], [""oracle"", 3.4]]",True
physics,science,Physics is a branch within the broader field of science.,"[[""science"", 5.85], [""chemistry"", 5.5], [""energy"", 5.23], [""history"", 4.33], [""issue"", 4.23], [""architecture"", 4.21], [""music"", 4.12], [""entity"", 4.12], [""phone"", 4.05], [""activity"", 4.03], [""object"", 4.0], [""life"", 4.0], [""production"", 3.96]]",True
plane,flight,Related to plane's movement in the air.,"[[""flight"", 5.69], [""plan"", 5.6], [""airport"", 5.27], [""landscape"", 4.55], [""departure"", 4.36], [""car"", 4.27], [""place"", 4.22], [""project"", 4.15], [""voyage"", 4.06], [""lad"", 4.05], [""animal"", 3.91], [""hotel"", 3.89], [""crane"", 3.89]]",True
planet,star,Similar celestial body in the astronomical context.,"[[""forest"", 4.95], [""project"", 4.87], [""place"", 4.84], [""moon"", 4.77], [""animal"", 4.68], [""star"", 4.67], [""landscape"", 4.63], [""institution"", 4.63], [""plan"", 4.56], [""atmosphere"", 4.44], [""nation"", 4.23], [""oracle"", 4.21], [""object"", 4.2], [""life"", 4.2], [""center"", 4.02], [""group"", 4.01], [""woman"", 3.98], [""peace"", 3.94], [""production"", 3.94], [""culture"", 3.92], [""artifact"", 3.92], [""entity"", 3.89], [""fruit"", 3.89], [""operation"", 3.88], [""live"", 3.85], [""wizard"", 3.84], [""doctor"", 3.83], [""sun"", 3.83], [""development"", 3.72], [""news"", 3.71], [""water"", 3.7], [""radio"", 3.7], [""shore"", 3.68], [""organism"", 3.68], [""surface"", 3.67], [""tournament"", 3.66], [""car"", 3.66], [""series"", 3.64], [""science"", 3.59], [""article"", 3.52], [""issue"", 3.51], [""cat"", 3.48], [""equipment"", 3.45], [""noon"", 3.45], [""energy"", 3.41], [""hotel"", 3.39], [""activity"", 3.38], [""industry"", 3.36], [""metal"", 3.35], [""currency"", 3.35], [""personnel"", 3.33], [""children"", 3.32]]",True
population,fauna,Represents groups of animals in a specific region.,"[[""production"", 5.72], [""nation"", 5.24], [""group"", 5.18], [""culture"", 5.15], [""entity"", 5.03], [""activity"", 4.73], [""object"", 4.71], [""personnel"", 4.65], [""institution"", 4.51], [""issue"", 4.51], [""organism"", 4.45], [""development"", 4.42], [""collection"", 4.4], [""woman"", 4.36], [""industry"", 4.28], [""performance"", 4.17], [""chemistry"", 4.15], [""currency"", 4.02], [""children"", 3.97], [""fruit"", 3.91], [""life"", 3.9], [""place"", 3.87], [""information"", 3.86], [""student"", 3.85], [""operation"", 3.85]]",False
possibility,match,Represents a potential outcome or possibility.,"[[""recommendation"", 4.54], [""production"", 4.36], [""credibility"", 4.32], [""issue"", 4.26], [""importance"", 4.2], [""proximity"", 4.19], [""effort"", 4.18], [""confidence"", 4.12], [""activity"", 4.12], [""operation"", 4.12], [""similarity"", 4.11], [""gain"", 4.01], [""combination"", 4.0], [""conclusion"", 3.97], [""approach"", 3.93], [""chemistry"", 3.8], [""development"", 3.78], [""object"", 3.73], [""flight"", 3.72], [""place"", 3.69], [""project"", 3.68], [""article"", 3.64], [""example"", 3.63], [""plan"", 3.59], [""match"", 3.53], [""performance"", 3.53], [""wizard"", 3.53], [""energy"", 3.49], [""warning"", 3.47], [""artifact"", 3.45], [""fruit"", 3.45], [""entity"", 3.45], [""equipment"", 3.4], [""yen"", 3.35], [""loss"", 3.33], [""computation"", 3.32], [""recess"", 3.3], [""tournament"", 3.3], [""oracle"", 3.29], [""antecedent"", 3.27], [""information"", 3.26], [""recognition"", 3.24], [""noon"", 3.23], [""term"", 3.22], [""science"", 3.19], [""departure"", 3.18], [""peace"", 3.18], [""life"", 3.16], [""substance"", 3.16], [""car"", 3.15], [""cognition"", 3.14], [""marriage"", 3.11], [""culture"", 3.1], [""kind"", 3.09], [""association"", 3.05]]",True
practice,discipline,Closely related to a field of study.,"[[""performance"", 5.73], [""activity"", 5.71], [""operation"", 5.59], [""development"", 5.22], [""plan"", 5.17], [""production"", 5.03], [""issue"", 4.94], [""project"", 4.8], [""implement"", 4.7], [""place"", 4.65], [""live"", 4.63], [""industry"", 4.63], [""series"", 4.62], [""doctor"", 4.59], [""discipline"", 4.51], [""culture"", 4.48], [""artifact"", 4.4], [""tournament"", 4.37], [""example"", 4.22], [""match"", 4.22], [""life"", 4.22], [""chemistry"", 4.17], [""trading"", 4.14], [""equipment"", 4.03], [""science"", 3.98], [""collection"", 3.91], [""kind"", 3.89], [""approach"", 3.89], [""student"", 3.88], [""institution"", 3.88], [""serial"", 3.88], [""group"", 3.87], [""oracle"", 3.84]]",True
precedent,example,Serves as a previous instance or model.,"[[""antecedent"", 8.12]]",False
prejudice,racism,Directly related to prejudice.,"[[""racism"", 5.33], [""antecedent"", 4.39], [""cognition"", 3.82], [""culture"", 3.66]]",True
president,governor,Holds executive leadership similar to a president.,"[[""governor"", 5.84], [""secretary"", 5.58], [""professor"", 4.72]]",True
problem,issue,"Synonymous with problem, closely related concept.","[[""issue"", 6.78], [""example"", 4.96], [""project"", 4.72], [""operation"", 4.6], [""activity"", 4.6], [""object"", 4.58]]",True
production,industry,Relates closely to production and manufacturing processes.,"[[""production"", 10.0], [""performance"", 6.27], [""development"", 6.1], [""operation"", 5.56], [""project"", 5.07], [""industry"", 4.97], [""activity"", 4.94], [""equipment"", 4.93], [""issue"", 4.71], [""gain"", 4.71], [""fruit"", 4.56], [""collection"", 4.39], [""personnel"", 4.38], [""artifact"", 4.29], [""plan"", 4.29], [""implement"", 4.28], [""effort"", 4.27]]",True
professor,student,Associated with professor as mentor or educator.,"[[""professor"", 10.0], [""doctor"", 4.69], [""student"", 4.32], [""secretary"", 4.26], [""nurse"", 4.25], [""governor"", 4.06], [""rabbi"", 3.89], [""woman"", 3.87], [""slave"", 3.64], [""mother"", 3.57], [""magician"", 3.51], [""chemistry"", 3.4], [""personnel"", 3.4], [""cock"", 3.3], [""noon"", 3.23], [""queen"", 3.18], [""kind"", 3.16], [""lad"", 3.15]]",True
profit,gain,"Synonym of profit, representing financial increase.","[[""gain"", 6.16], [""loss"", 5.97], [""production"", 5.69], [""performance"", 5.48], [""fruit"", 4.79], [""operation"", 4.39], [""eat"", 4.31], [""payment"", 4.27], [""cash"", 4.23]]",True
psychology,psychiatry,Closely related field to psychology.,"[[""psychiatry"", 6.39], [""science"", 4.73], [""cognition"", 4.61]]",True
reason,cognition,Relates to reasoning and mental processes.,"[[""issue"", 4.84], [""example"", 4.18], [""object"", 4.11], [""credibility"", 4.1], [""recommendation"", 3.95], [""place"", 3.84], [""oracle"", 3.82], [""car"", 3.81], [""history"", 3.79], [""chemistry"", 3.73], [""energy"", 3.73], [""antecedent"", 3.71], [""confidence"", 3.68], [""warning"", 3.64], [""artifact"", 3.61], [""plan"", 3.6], [""year"", 3.59], [""science"", 3.56], [""conclusion"", 3.55], [""fruit"", 3.55], [""effort"", 3.55], [""mother"", 3.54], [""currency"", 3.43], [""motto"", 3.42], [""project"", 3.39], [""hill"", 3.36], [""production"", 3.35], [""lad"", 3.34], [""doctor"", 3.31], [""gain"", 3.28], [""implement"", 3.27], [""news"", 3.27], [""operation"", 3.26], [""nation"", 3.26], [""entity"", 3.25]]",False
report,news,Closely related to reporting and conveying information.,"[[""warning"", 4.64], [""issue"", 4.36], [""recommendation"", 4.2], [""information"", 4.16], [""project"", 4.12], [""news"", 4.09], [""radio"", 4.01], [""implement"", 3.97], [""serial"", 3.96], [""article"", 3.81], [""performance"", 3.76], [""collection"", 3.75], [""plan"", 3.69], [""activity"", 3.69], [""payment"", 3.68], [""history"", 3.63], [""block"", 3.62], [""operation"", 3.62], [""object"", 3.57], [""insurance"", 3.48], [""match"", 3.46], [""artifact"", 3.38], [""interview"", 3.38], [""group"", 3.28], [""index"", 3.27], [""oracle"", 3.26], [""production"", 3.26], [""departure"", 3.23], [""association"", 3.21], [""doctor"", 3.21], [""series"", 3.18], [""tournament"", 3.15], [""gain"", 3.12]]",True
rock,music,Closely related as a genre category.,"[[""music"", 4.83], [""rook"", 4.62], [""radio"", 4.56], [""metal"", 4.25], [""jazz"", 4.0], [""car"", 3.8], [""science"", 3.73], [""cock"", 3.64], [""rooster"", 3.61], [""star"", 3.51], [""issue"", 3.51], [""animal"", 3.5], [""artifact"", 3.49], [""shore"", 3.45], [""peace"", 3.44], [""girl"", 3.41], [""wine"", 3.4], [""forest"", 3.37], [""culture"", 3.35], [""cat"", 3.33], [""life"", 3.24]]",True
rooster,cock,similar term for a male chicken.,"[[""rooster"", 10.0], [""rook"", 5.38], [""cock"", 4.84], [""buck"", 4.34], [""lobster"", 3.96], [""animal"", 3.95], [""fruit"", 3.84], [""car"", 3.76], [""tiger"", 3.65], [""moon"", 3.65], [""oracle"", 3.64]]",True
school,institution,Represents an organized educational establishment.,"[[""student"", 6.5], [""place"", 4.96], [""hotel"", 4.91], [""institution"", 4.85], [""center"", 4.83], [""year"", 4.58], [""chemistry"", 4.51], [""car"", 4.46], [""culture"", 4.45], [""girl"", 4.44], [""series"", 4.43], [""life"", 4.36]]",True
seafood,lobster,A specific type of seafood.,"[[""lobster"", 5.28], [""food"", 5.03], [""fruit"", 4.23], [""eat"", 4.08], [""fauna"", 3.82], [""shore"", 3.79], [""string"", 3.77], [""animal"", 3.69], [""cabbage"", 3.67], [""carnivore"", 3.58], [""egg"", 3.57]]",True
seven,buck,Seven signifies seven dollars in slang terms.,"[[""series"", 4.48], [""serial"", 3.92], [""tournament"", 3.9], [""year"", 3.81], [""yen"", 3.73], [""queen"", 3.68], [""children"", 3.64], [""month"", 3.61], [""kind"", 3.6], [""wizard"", 3.58], [""doctor"", 3.57], [""woman"", 3.45], [""combination"", 3.33], [""article"", 3.32], [""phone"", 3.3], [""match"", 3.27], [""eye"", 3.21], [""confidence"", 3.2], [""sex"", 3.19], [""student"", 3.17], [""buck"", 3.15], [""car"", 3.15], [""example"", 3.13], [""dollar"", 3.08], [""cock"", 3.07], [""ear"", 3.06], [""collection"", 3.06], [""water"", 3.04], [""science"", 3.04], [""Jackson"", 3.04]]",True
shore,water,Shore is the land adjacent to bodies of water.,"[[""shore"", 10.0], [""surface"", 5.49], [""hill"", 4.69], [""landscape"", 4.5], [""forest"", 4.47], [""noon"", 3.88], [""departure"", 3.72]]",False
shower,water,Related to shower as both involve water.,"[[""thunderstorm"", 4.67], [""series"", 3.98], [""match"", 3.97], [""stove"", 3.87], [""hike"", 3.69], [""sprint"", 3.61], [""theater"", 3.59], [""girl"", 3.57], [""doctor"", 3.56], [""hotel"", 3.49], [""group"", 3.46], [""noon"", 3.41], [""phone"", 3.38], [""nurse"", 3.37], [""tournament"", 3.36], [""interview"", 3.35], [""radio"", 3.32], [""place"", 3.31], [""basketball"", 3.3], [""collection"", 3.28], [""departure"", 3.25], [""recess"", 3.23], [""sun"", 3.22], [""project"", 3.22], [""jewel"", 3.2], [""madhouse"", 3.2], [""sex"", 3.19], [""smile"", 3.18], [""marriage"", 3.16], [""medal"", 3.15]]",False
sign,match,Represents a symbol or corresponding element effectively.,"[[""term"", 4.9], [""match"", 4.55], [""gin"", 4.54], [""block"", 4.43], [""serial"", 4.43], [""string"", 4.4], [""star"", 4.4], [""gain"", 4.28], [""artifact"", 4.27], [""smile"", 4.24], [""car"", 4.19], [""cock"", 4.11], [""cash"", 4.08], [""eye"", 4.07], [""warning"", 4.04], [""issue"", 4.03], [""object"", 4.0], [""implement"", 3.98], [""yen"", 3.98], [""institution"", 3.98], [""association"", 3.95], [""payment"", 3.94], [""flight"", 3.93], [""sex"", 3.91], [""series"", 3.88], [""nation"", 3.84], [""entity"", 3.84], [""center"", 3.76], [""confidence"", 3.75], [""jewel"", 3.71], [""music"", 3.7], [""lad"", 3.69], [""wizard"", 3.65], [""insurance"", 3.65], [""kind"", 3.64], [""doctor"", 3.63], [""performance"", 3.63], [""year"", 3.61], [""article"", 3.59], [""oracle"", 3.59], [""group"", 3.59], [""example"", 3.58], [""combination"", 3.57], [""activity"", 3.53], [""ear"", 3.52], [""loss"", 3.5], [""departure"", 3.48], [""chemistry"", 3.47], [""Jackson"", 3.46], [""recognition"", 3.45], [""tournament"", 3.45], [""landscape"", 3.45], [""architecture"", 3.44], [""secretary"", 3.44], [""plan"", 3.42], [""news"", 3.42], [""place"", 3.41], [""phone"", 3.41], [""slave"", 3.39], [""motto"", 3.38], [""governor"", 3.37], [""CD"", 3.36], [""surface"", 3.34], [""queen"", 3.33], [""interview"", 3.33], [""jaguar"", 3.32], [""dollar"", 3.29]]",True
situation,issue,Represents current circumstances or situation.,"[[""issue"", 5.55], [""place"", 4.92], [""operation"", 4.65], [""activity"", 4.58], [""example"", 4.36], [""object"", 4.28], [""personnel"", 4.13], [""institution"", 4.06], [""culture"", 4.03], [""project"", 4.0], [""performance"", 3.93], [""approach"", 3.92], [""recommendation"", 3.9], [""term"", 3.88], [""match"", 3.86], [""entity"", 3.83], [""proximity"", 3.83], [""development"", 3.78], [""interview"", 3.76], [""substance"", 3.74], [""atmosphere"", 3.72]]",True
skin,surface,Represents outer layer similar to skin.,"[[""surface"", 5.46], [""sex"", 4.54], [""eye"", 4.47], [""fruit"", 3.96], [""life"", 3.85], [""ear"", 3.79], [""sun"", 3.79], [""gin"", 3.73], [""loss"", 3.72], [""slave"", 3.68], [""activity"", 3.68]]",True
smart,automobile,Smart is a car brand.,"[[""stupid"", 4.24], [""wizard"", 4.23], [""kind"", 4.08], [""science"", 3.97], [""car"", 3.81], [""phone"", 3.77], [""center"", 3.73], [""confidence"", 3.69], [""cash"", 3.66], [""cock"", 3.64], [""woman"", 3.64], [""news"", 3.62], [""star"", 3.61], [""equipment"", 3.48], [""eye"", 3.48], [""match"", 3.41], [""warning"", 3.39], [""doctor"", 3.34], [""block"", 3.34], [""smile"", 3.34], [""slave"", 3.33], [""chemistry"", 3.33], [""object"", 3.28], [""yen"", 3.26], [""children"", 3.25], [""lad"", 3.25], [""information"", 3.22], [""American"", 3.22], [""gain"", 3.2], [""metal"", 3.18], [""student"", 3.16], [""animal"", 3.16], [""fruit"", 3.15], [""CD"", 3.14], [""sprint"", 3.13], [""plan"", 3.11], [""activity"", 3.1], [""combination"", 3.09], [""buck"", 3.08], [""cat"", 3.06], [""implement"", 3.05], [""noon"", 3.05], [""jewel"", 3.01], [""cognition"", 3.01], [""magician"", 3.0], [""article"", 3.0], [""queen"", 2.98], [""ear"", 2.96], [""artifact"", 2.93], [""brother"", 2.89], [""music"", 2.89], [""water"", 2.88], [""tiger"", 2.87], [""series"", 2.86], [""sun"", 2.85], [""serial"", 2.85], [""energy"", 2.85]]",False
space,star,Object related to outer space.,"[[""center"", 5.66], [""place"", 5.51], [""object"", 5.35], [""chemistry"", 5.32], [""activity"", 5.32], [""string"", 5.28], [""term"", 5.22], [""match"", 5.15], [""yen"", 5.0], [""entity"", 4.98], [""landscape"", 4.85], [""group"", 4.79], [""plan"", 4.75], [""surface"", 4.63], [""hotel"", 4.61], [""series"", 4.59], [""culture"", 4.55], [""article"", 4.55], [""project"", 4.54], [""issue"", 4.49], [""forest"", 4.48], [""block"", 4.45], [""energy"", 4.42], [""equipment"", 4.38], [""shore"", 4.33], [""proximity"", 4.29], [""month"", 4.23], [""institution"", 4.22], [""fruit"", 4.21], [""sex"", 4.18], [""recess"", 4.16], [""noon"", 4.16], [""example"", 4.16], [""architecture"", 4.15], [""life"", 4.15], [""artifact"", 4.08], [""currency"", 4.08], [""flight"", 4.06], [""science"", 4.04], [""news"", 4.0], [""car"", 4.0], [""development"", 3.99], [""student"", 3.97], [""departure"", 3.96], [""oracle"", 3.95], [""cash"", 3.94], [""peace"", 3.94], [""nation"", 3.93], [""personnel"", 3.92], [""phone"", 3.91], [""substance"", 3.91], [""woman"", 3.89], [""airport"", 3.83]]",False
start,departure,Synonym for the beginning of a journey.,"[[""center"", 5.52], [""match"", 5.07], [""project"", 4.84], [""activity"", 4.83], [""live"", 4.8], [""development"", 4.7], [""series"", 4.56], [""departure"", 4.45], [""index"", 4.44], [""operation"", 4.41], [""noon"", 4.4], [""plan"", 4.36], [""oracle"", 4.35], [""term"", 4.17], [""car"", 4.04], [""star"", 4.03], [""gin"", 3.99], [""sprint"", 3.99], [""tournament"", 3.95], [""gain"", 3.92], [""approach"", 3.86], [""issue"", 3.86], [""place"", 3.86], [""implement"", 3.83], [""surface"", 3.81], [""airport"", 3.79], [""antecedent"", 3.77], [""block"", 3.77], [""object"", 3.77], [""chemistry"", 3.76], [""group"", 3.74], [""lad"", 3.74], [""eat"", 3.71]]",True
stock,trading,Involves buying and selling financial stocks.,"[[""collection"", 4.58], [""cash"", 4.46], [""serial"", 4.37], [""currency"", 4.34], [""production"", 4.34], [""artifact"", 4.28], [""loss"", 4.27], [""equipment"", 4.24], [""trading"", 4.24], [""star"", 4.2], [""buck"", 4.16], [""index"", 4.12], [""gain"", 3.9], [""performance"", 3.83], [""string"", 3.82], [""slave"", 3.81], [""match"", 3.75], [""group"", 3.74], [""forest"", 3.74], [""metal"", 3.73], [""issue"", 3.71], [""student"", 3.7], [""object"", 3.69], [""series"", 3.68], [""cock"", 3.66], [""sex"", 3.65], [""activity"", 3.56], [""food"", 3.54], [""industry"", 3.51], [""article"", 3.48], [""news"", 3.45], [""insurance"", 3.45], [""institution"", 3.42], [""confidence"", 3.4], [""block"", 3.39], [""tournament"", 3.39], [""oracle"", 3.37], [""tiger"", 3.32], [""medal"", 3.31], [""shore"", 3.3], [""music"", 3.28], [""car"", 3.25], [""fruit"", 3.25], [""yen"", 3.24], [""project"", 3.23], [""example"", 3.23], [""payment"", 3.23], [""jewel"", 3.22], [""personnel"", 3.21], [""wine"", 3.21], [""dollar"", 3.18], [""term"", 3.16], [""gin"", 3.15], [""egg"", 3.12], [""operation"", 3.11], [""lad"", 3.08], [""culture"", 3.08], [""information"", 3.07]]",True
street,avenue,Synonymous with street as a city road.,"[[""avenue"", 5.05], [""car"", 4.96], [""place"", 4.92], [""hill"", 4.78], [""hotel"", 4.72], [""center"", 4.31], [""surface"", 4.08], [""forest"", 4.08], [""graveyard"", 4.07], [""star"", 4.07], [""shore"", 3.97], [""yen"", 3.84], [""string"", 3.77], [""cash"", 3.77], [""lad"", 3.61], [""airport"", 3.6], [""phone"", 3.58], [""life"", 3.57], [""year"", 3.54], [""culture"", 3.54], [""doctor"", 3.53], [""girl"", 3.49], [""live"", 3.46], [""match"", 3.41], [""student"", 3.4], [""cock"", 3.39], [""news"", 3.39], [""stove"", 3.39]]",True
student,Yale,A prestigious university where many students study.,"[[""student"", 10.0], [""slave"", 5.06], [""woman"", 5.03], [""girl"", 5.02], [""children"", 4.71], [""institution"", 4.38], [""professor"", 4.32], [""kind"", 4.09], [""hotel"", 4.06], [""doctor"", 4.06], [""lad"", 3.9], [""animal"", 3.88], [""project"", 3.86], [""article"", 3.84], [""yen"", 3.75], [""payment"", 3.74], [""sex"", 3.73], [""nurse"", 3.72], [""departure"", 3.71], [""entity"", 3.7], [""mother"", 3.7], [""personnel"", 3.7], [""group"", 3.68], [""term"", 3.67], [""activity"", 3.66], [""object"", 3.66], [""flight"", 3.63], [""interview"", 3.61], [""year"", 3.6], [""nation"", 3.58], [""news"", 3.58], [""secretary"", 3.56], [""equipment"", 3.54], [""tournament"", 3.53], [""American"", 3.52], [""eat"", 3.5], [""development"", 3.5], [""industry"", 3.44], [""match"", 3.43], [""gain"", 3.43], [""star"", 3.4]]",False
sugar,cash,"""Sugar"" is often used as a slang term for money.","[[""butter"", 4.79], [""substance"", 4.37], [""fruit"", 3.95], [""potato"", 3.89], [""string"", 3.81], [""food"", 3.68], [""cabbage"", 3.52], [""cash"", 3.5], [""sprint"", 3.46], [""sex"", 3.44], [""gin"", 3.31], [""water"", 3.3], [""jewel"", 3.25], [""chemistry"", 3.24], [""kind"", 3.24], [""dollar"", 3.23]]",True
television,radio,Similar electronic device used for broadcasting media.,"[[""theater"", 4.86], [""radio"", 4.72], [""tennis"", 4.1], [""basketball"", 3.59], [""tournament"", 3.55], [""stove"", 3.51], [""automobile"", 3.44], [""music"", 3.41], [""interview"", 3.4], [""culture"", 3.34], [""car"", 3.31], [""phone"", 3.27], [""marriage"", 3.27], [""soccer"", 3.27]]",True
theater,performance,Central function of a theater.,"[[""theater"", 10.0], [""tournament"", 4.1], [""music"", 3.81], [""activity"", 3.71], [""place"", 3.69], [""hotel"", 3.69], [""center"", 3.58], [""architecture"", 3.48], [""tennis"", 3.44], [""institution"", 3.41], [""performance"", 3.4], [""life"", 3.38], [""car"", 3.37], [""culture"", 3.35], [""atmosphere"", 3.33], [""stove"", 3.33], [""jazz"", 3.29], [""operation"", 3.2], [""doctor"", 3.2], [""term"", 3.19], [""avenue"", 3.15], [""development"", 3.14], [""issue"", 3.14], [""chemistry"", 3.12], [""production"", 3.11], [""magician"", 3.11], [""entity"", 3.11], [""live"", 3.06], [""basketball"", 3.04], [""forest"", 3.04], [""ear"", 3.01], [""eat"", 3.01], [""series"", 2.99], [""equipment"", 2.97], [""graveyard"", 2.97], [""project"", 2.96], [""death"", 2.96], [""marriage"", 2.96], [""plan"", 2.95], [""object"", 2.93], [""nurse"", 2.93], [""landscape"", 2.93], [""tableware"", 2.91], [""match"", 2.91], [""industry"", 2.88], [""trading"", 2.86], [""student"", 2.86], [""madhouse"", 2.83], [""yen"", 2.81], [""personnel"", 2.8], [""group"", 2.77], [""organism"", 2.76]]",True
tiger,feline,Category encompassing tigers and various large cat species.,"[[""tiger"", 10.0], [""jaguar"", 5.73], [""animal"", 4.8], [""mammal"", 4.63], [""feline"", 4.6], [""buck"", 4.52], [""cat"", 4.5], [""carnivore"", 4.07], [""jewel"", 4.05], [""cock"", 4.0], [""lobster"", 4.0], [""tournament"", 3.86]]",True
train,car,Both are modes of transportation.,"[[""equipment"", 5.22], [""car"", 4.89], [""student"", 4.87], [""flight"", 4.76], [""airport"", 4.54], [""tournament"", 4.53], [""series"", 4.29], [""slave"", 4.28], [""match"", 4.28], [""plan"", 4.25], [""serial"", 4.12], [""operation"", 4.11], [""doctor"", 4.08], [""development"", 4.08], [""term"", 4.08], [""departure"", 3.96], [""oracle"", 3.94], [""lad"", 3.91], [""girl"", 3.89], [""place"", 3.88], [""institution"", 3.86], [""hotel"", 3.86], [""eat"", 3.86], [""discipline"", 3.84], [""project"", 3.83], [""production"", 3.81], [""animal"", 3.77], [""children"", 3.77], [""tiger"", 3.71], [""crane"", 3.69], [""phone"", 3.66], [""implement"", 3.65], [""hill"", 3.64], [""cat"", 3.62], [""personnel"", 3.6], [""sprint"", 3.59], [""kind"", 3.58], [""radio"", 3.58], [""gain"", 3.55], [""nurse"", 3.53], [""trading"", 3.52], [""forest"", 3.52], [""warning"", 3.51]]",True
travel,voyage,Synonym representing a long journey or trip.,"[[""flight"", 5.84], [""voyage"", 5.77], [""life"", 5.35], [""hotel"", 5.1], [""activity"", 5.07], [""place"", 4.99], [""car"", 4.83], [""airport"", 4.73], [""departure"", 4.72], [""culture"", 4.65], [""currency"", 4.59], [""news"", 4.54], [""eat"", 4.47], [""tournament"", 4.44], [""equipment"", 4.32], [""gain"", 4.32], [""trading"", 4.31], [""live"", 4.25], [""match"", 4.24], [""student"", 4.23], [""nation"", 4.16], [""yen"", 4.06], [""article"", 4.05], [""lad"", 4.03], [""term"", 3.99], [""fruit"", 3.98], [""development"", 3.97], [""cash"", 3.96], [""doctor"", 3.95], [""woman"", 3.95]]",True
type,kind,Synonym for category or classification.,"[[""entity"", 5.85], [""term"", 5.78], [""object"", 5.32], [""kind"", 5.19], [""series"", 5.14], [""artifact"", 4.96], [""example"", 4.91], [""match"", 4.88], [""issue"", 4.79], [""chemistry"", 4.77], [""string"", 4.72], [""group"", 4.72], [""activity"", 4.69], [""sex"", 4.43], [""serial"", 4.3], [""equipment"", 4.29], [""article"", 4.27], [""tournament"", 4.25], [""institution"", 4.23], [""culture"", 4.21], [""place"", 4.11], [""index"", 4.04], [""performance"", 4.03], [""development"", 4.03], [""animal"", 3.95]]",True
viewer,eye,Essential organ used for seeing.,"[[""landscape"", 4.79], [""object"", 4.74], [""eye"", 4.69], [""activity"", 4.39], [""student"", 4.36], [""live"", 4.3], [""woman"", 4.19], [""wizard"", 4.13], [""doctor"", 4.08], [""entity"", 4.04], [""serial"", 4.03], [""center"", 4.0], [""ear"", 3.98], [""gain"", 3.92], [""lad"", 3.92], [""project"", 3.9], [""oracle"", 3.89], [""warning"", 3.87], [""yen"", 3.85], [""gin"", 3.82], [""cock"", 3.81], [""interview"", 3.79], [""place"", 3.74], [""performance"", 3.72], [""development"", 3.71], [""animal"", 3.7], [""issue"", 3.7], [""cat"", 3.67], [""production"", 3.67], [""index"", 3.66], [""collection"", 3.63], [""plan"", 3.61], [""equipment"", 3.55], [""noon"", 3.55], [""block"", 3.55], [""phone"", 3.53], [""queen"", 3.53], [""radio"", 3.51], [""group"", 3.5], [""slave"", 3.49], [""water"", 3.49], [""surface"", 3.49], [""implement"", 3.46], [""eat"", 3.45], [""match"", 3.43], [""car"", 3.43], [""example"", 3.42], [""CD"", 3.39], [""wine"", 3.35], [""departure"", 3.34], [""nurse"", 3.33], [""architecture"", 3.32], [""news"", 3.31], [""star"", 3.3], [""hotel"", 3.3], [""kind"", 3.29], [""Jackson"", 3.27], [""term"", 3.26], [""fruit"", 3.25], [""girl"", 3.25], [""article"", 3.25], [""shore"", 3.25], [""operation"", 3.24], [""personnel"", 3.24], [""forest"", 3.24], [""jaguar"", 3.24], [""professor"", 3.23], [""artifact"", 3.23], [""year"", 3.22]]",True
vodka,**gin**,Similar alcoholic distilled spirit.,"[[""wine"", 4.3], [""water"", 3.48], [""brandy"", 3.44], [""potato"", 3.39], [""cucumber"", 3.29], [""gin"", 3.24], [""jazz"", 3.08], [""substance"", 3.08], [""fruit"", 3.07], [""butter"", 2.98], [""energy"", 2.92]]",False
volunteer,group,Represents a collection of individuals working together.,"[[""nurse"", 4.34], [""student"", 4.18], [""personnel"", 3.87], [""effort"", 3.87], [""slave"", 3.64], [""woman"", 3.59], [""voyage"", 3.51], [""association"", 3.46], [""operation"", 3.45], [""activity"", 3.44], [""interview"", 3.44], [""project"", 3.38], [""hike"", 3.37], [""flight"", 3.27], [""governor"", 3.25], [""gain"", 3.25], [""implement"", 3.18], [""kind"", 3.18], [""development"", 3.15], [""yen"", 3.1], [""smile"", 3.06], [""motto"", 3.04], [""professor"", 3.04], [""live"", 3.03], [""animal"", 3.02], [""doctor"", 3.01], [""performance"", 3.01], [""secretary"", 2.99], [""object"", 2.97], [""nation"", 2.95], [""gin"", 2.95], [""recommendation"", 2.93], [""issue"", 2.92], [""oracle"", 2.92], [""lad"", 2.92]]",False
wood,forest,A synonym referring to a large area of trees.,"[[""woodland"", 5.54], [""forest"", 5.24], [""metal"", 5.19], [""water"", 5.08], [""wine"", 4.66], [""food"", 4.28], [""energy"", 4.18], [""fruit"", 3.97], [""stove"", 3.91], [""music"", 3.82], [""rook"", 3.73]]",True
word,term,Synonym for 'word'.,"[[""term"", 4.7], [""artifact"", 4.29], [""music"", 4.15], [""object"", 4.11], [""article"", 4.07], [""water"", 4.01], [""wizard"", 4.0], [""news"", 3.96], [""motto"", 3.94], [""woman"", 3.93], [""warning"", 3.91], [""entity"", 3.87], [""wine"", 3.84], [""oracle"", 3.82], [""science"", 3.75], [""string"", 3.73], [""example"", 3.67], [""issue"", 3.58], [""animal"", 3.54], [""yen"", 3.52], [""energy"", 3.5], [""eye"", 3.49], [""ear"", 3.49], [""slave"", 3.46], [""phone"", 3.44], [""food"", 3.44], [""currency"", 3.42], [""plan"", 3.41], [""fruit"", 3.4], [""substance"", 3.38], [""death"", 3.38], [""block"", 3.38], [""operation"", 3.35], [""recommendation"", 3.35], [""month"", 3.33], [""implement"", 3.32], [""nation"", 3.3], [""chemistry"", 3.3], [""year"", 3.29], [""cognition"", 3.29], [""architecture"", 3.27], [""gin"", 3.25], [""student"", 3.24], [""gain"", 3.23], [""tournament"", 3.22], [""queen"", 3.2], [""combination"", 3.19], [""information"", 3.17], [""jewel"", 3.17], [""butter"", 3.17], [""life"", 3.17], [""lad"", 3.17], [""institution"", 3.16], [""eat"", 3.16], [""organism"", 3.15], [""project"", 3.15]]",True
